name.vec;removal_type;by_removal;n_removal;by_fertility;n_fertility;puma;tasa;Er;Ef;Rm;ext50;Re;Erf;IER;IEM
v2026;fixed;0;0;0;0;with;mean;0;0;0,0175764355824081;0;0;0;NA;Inf
v2026;fixed;0;0;0;0;with;max;0;0;0,00925583117363939;0;0;0;NA;Inf
v2026;fixed;0;0;0;0;without;mean;0;0;0,00355581595996518;0;0;0;NA;Inf
v2026;fixed;0;0;0;0;without;max;0;0;0,00288267512251369;0;0;0;NA;Inf
v2026;fixed;1;25;0;0;with;mean;3,98;0;0,0106989855379969;1;80,468;3,98;20,2180904522613;0,00268818732110474
v2026;fixed;1;25;0;0;with;max;4,68;0;0,0106700810926163;1;76;4,68;16,2393162393162;0,00227993185739665
v2026;fixed;1;25;0;0;without;mean;8;0;0,0102303415355413;1;63,66;8;7,9575;0,00127879269194267
v2026;fixed;1;25;0;0;without;max;23,82;0;0,00712250712250712;0;0;23,82;0;0,000299013733102734
v2026;fixed;1;50;0;0;with;mean;4,36;0;0,0105231300464933;1;86,612;4,36;19,8651376146789;0,0024135619372691
v2026;fixed;1;50;0;0;with;max;4,82;0;0,0105086170659941;1;84;4,82;17,4273858921162;0,00218021100954235
v2026;fixed;1;50;0;0;without;mean;6,42;0;0,0104397191367916;1;82,032;6,42;12,7775700934579;0,00162612447613576
v2026;fixed;1;50;0;0;without;max;7,96;0;0,0103734439834025;1;80;7,96;10,0502512562814;0,00130319648032695
v2026;fixed;1;75;0;0;with;mean;4,52;0;0,010481965785532;1;88,608;4,52;19,6035398230089;0,00231901897910001
v2026;fixed;1;75;0;0;with;max;4,9;0;0,0104624398409709;1;88;4,9;17,9591836734694;0,00213519180427978
v2026;fixed;1;75;0;0;without;mean;6,08;0;0,0104373123163434;1;87,984;6,08;14,4710526315789;0,00171666320992491
v2026;fixed;1;75;0;0;without;max;6,88;0;0,0103626943005181;1;86;6,88;12,5;0,00150620556693578
v2026;fixed;1;100;0;0;with;mean;4,58;0;0,0104344151589705;1;90,088;4,58;19,6698689956332;0,00227825658492806
v2026;fixed;1;100;0;0;with;max;4,9;0;0,0104799832320268;1;90;4,9;18,3673469387755;0,00213877208816874
v2026;fixed;1;100;0;0;without;mean;6,02;0;0,0105361123095576;1;89,988;6,02;14,9481727574751;0,00175018476902949
v2026;fixed;1;100;0;0;without;max;6,64;0;0,0105064089094348;1;90;6,64;13,5542168674699;0,00158229049840885
v2026;fixed;2;25;0;0;with;mean;3,46;0;0,0111341784117214;1;70,156;3,46;20,2763005780347;0,00321797063922584
v2026;fixed;2;25;0;0;with;max;4,46;0;0,0112157918349035;1;62;4,46;13,9013452914798;0,00251475153248958
v2026;fixed;2;25;0;0;without;mean;12,34;0;0,00671742079897164;0,064;0,776;12,34;0,0628849270664506;0,000544361491002564
v2026;fixed;2;25;0;0;without;max;12,5;0;0,00321316110789795;0;0;12,5;0;0,000257052888631836
v2026;fixed;2;50;0;0;with;mean;4,04;0;0,0107448776667215;1;80,064;4,04;19,8178217821782;0,00265962318483206
v2026;fixed;2;50;0;0;with;max;4,72;0;0,0107851596203624;1;76;4,72;16,1016949152542;0,00228499144499203
v2026;fixed;2;50;0;0;without;mean;7,8;0;0,0104923732502613;1;59,34;7,8;7,60769230769231;0,0013451760577258
v2026;fixed;2;50;0;0;without;max;19,64;0;0,00830426839395449;1;10;19,64;0,509164969450102;0,000422824256311329
v2026;fixed;2;75;0;0;with;mean;4,32;0;0,0106784972533072;1;83,552;4,32;19,3407407407407;0,00247187436419149
v2026;fixed;2;75;0;0;with;max;4,84;0;0,0106473594548552;1;80;4,84;16,5289256198347;0,00219986765596182
v2026;fixed;2;75;0;0;without;mean;6,66;0;0,0106975204481427;1;70,912;6,66;10,6474474474474;0,00160623430152293
v2026;fixed;2;75;0;0;without;max;9;0;0,0105909764880322;1;64;9;7,11111111111111;0,00117677516533691
v2026;fixed;2;100;0;0;with;mean;4,44;0;0,0105468898313136;1;85,848;4,44;19,3351351351351;0,00237542563768323
v2026;fixed;2;100;0;0;with;max;4,84;0;0,0106089539571398;1;84;4,84;17,3553719008264;0,00219193263577269
v2026;fixed;2;100;0;0;without;mean;6,28;0;0,0107166468641207;1;74,82;6,28;11,9140127388535;0,00170647243059246
v2026;fixed;2;100;0;0;without;max;7,56;0;0,0107781849536538;1;72;7,56;9,52380952380952;0,0014256858404304
v2026;fixed;5;25;0;0;with;mean;2,62;0;0,0122363841963949;1;48,144;2,62;18,375572519084;0,00467037564747897
v2026;fixed;5;25;0;0;with;max;4;0;0,0130718954248366;1;22;4;5,5;0,00326797385620915
v2026;fixed;5;25;0;0;without;mean;5;0;0,00393546315522736;0;0;5;0;0,000787092631045473
v2026;fixed;5;25;0;0;without;max;5;0;0,0029956263854772;0;0;5;0;0,000599125277095441
v2026;fixed;5;50;0;0;with;mean;3,42;0;0,0114980217593141;1;64,716;3,42;18,9228070175439;0,00336199466646611
v2026;fixed;5;50;0;0;with;max;4,36;0;0,0117150890346767;1;54;4,36;12,3853211009174;0,00268694702630199
v2026;fixed;5;50;0;0;without;mean;10;0;0,00519631584012461;0;0;10;0;0,000519631584012461
v2026;fixed;5;50;0;0;without;max;10;0;0,00320163923929052;0;0;10;0;0,000320163923929052
v2026;fixed;5;75;0;0;with;mean;3,82;0;0,011180435959063;1;71,888;3,82;18,8188481675393;0,00292681569608978
v2026;fixed;5;75;0;0;with;max;4,72;0;0,0113071008593397;1;64;4,72;13,5593220338983;0,00239557221596179
v2026;fixed;5;75;0;0;without;mean;10,92;0;0,0106419785668345;0,75;12,516;10,92;1,14615384615385;0,00097454016179803
v2026;fixed;5;75;0;0;without;max;15;0;0,00355239786856128;0;0;15;0;0,000236826524570752
v2026;fixed;5;100;0;0;with;mean;4,16;0;0,0108878081650236;1;76,268;4,16;18,3336538461538;0,00261726157813066
v2026;fixed;5;100;0;0;with;max;4,66;0;0,0110570544007077;1;70;4,66;15,0214592274678;0,00237275845508748
v2026;fixed;5;100;0;0;without;mean;8,06;0;0,0116276673621083;1;39,708;8,06;4,92655086848635;0,00144263863053452
v2026;fixed;5;100;0;0;without;max;20;0;0,00478560490045942;0;0;20;0;0,000239280245022971
v2026;fixed;0;0;1;25;with;mean;0;23,9;0,0168512348101641;0;0;23,9;0;0,000705072586199334
v2026;fixed;0;0;1;25;with;max;0;24,5;0,0120510966497951;0;0;24,5;0;0,000491881495910005
v2026;fixed;0;0;1;25;without;mean;0;24,5;0,00399769447539331;0;0;24,5;0;0,000163171203077278
v2026;fixed;0;0;1;25;without;max;0;24,5;0,00310655483069276;0;0;24,5;0;0,000126798156354807
v2026;fixed;0;0;1;50;with;mean;0;43,46;0,0168516701152092;0;0;43,46;0;0,000387751268182449
v2026;fixed;0;0;1;50;with;max;0;49;0,0157728706624606;0;0;49;0;0,000321895319642052
v2026;fixed;0;0;1;50;without;mean;0;49;0,0047487596984841;0;0;49;0;9,69134632343695e-05
v2026;fixed;0;0;1;50;without;max;0;49;0,00341903719912473;0;0;49;0;6,97762693698924e-05
v2026;fixed;0;0;1;75;with;mean;0;61,38;0,0176009423266384;0;0;61,38;0;0,000286753703594631
v2026;fixed;0;0;1;75;with;max;0;68,76;0,0168976005407232;0;0;68,76;0;0,000245747535496266
v2026;fixed;0;0;1;75;without;mean;0;73,5;0,00720919025419703;0;0;73,5;0;9,80842211455378e-05
v2026;fixed;0;0;1;75;without;max;0;73,5;0,00382467681480915;0;0;73,5;0;5,20364192491041e-05
v2026;fixed;0;0;1;100;with;mean;0;69,38;0,0190119422512394;0;0;69,38;0;0,000274026264791574
v2026;fixed;0;0;1;100;with;max;0;79,46;0,0181554103122731;0;0;79,46;0;0,000228484901991858
v2026;fixed;0;0;1;100;without;mean;0;71,3;0,0116710510378202;0;0;71,3;0;0,000163689355369148
v2026;fixed;0;0;1;100;without;max;0;98;0,00469175190015952;0;0;98;0;4,78750193893829e-05
v2026;fixed;0;0;2;25;with;mean;0;12,48;0,0172344138103696;0;0;12,48;0;0,00138096264506166
v2026;fixed;0;0;2;25;with;max;0;12,5;0,0106179655977915;0;0;12,5;0;0,000849437247823317
v2026;fixed;0;0;2;25;without;mean;0;12,5;0,00375490306173373;0;0;12,5;0;0,000300392244938699
v2026;fixed;0;0;2;25;without;max;0;12,5;0,00297565910849253;0;0;12,5;0;0,000238052728679403
v2026;fixed;0;0;2;50;with;mean;0;21,72;0,0172421561724519;0;0;21,72;0;0,000793837761162613
v2026;fixed;0;0;2;50;with;max;0;25;0,0118119536971415;0;0;25;0;0,00047247814788566
v2026;fixed;0;0;2;50;without;mean;0;25;0,00399862323973219;0;0;25;0;0,000159944929589288
v2026;fixed;0;0;2;50;without;max;0;25;0,00310674785634398;0;0;25;0;0,000124269914253759
v2026;fixed;0;0;2;75;with;mean;0;31,4;0,0177056020845494;0;0;31,4;0;0,000563872677851891
v2026;fixed;0;0;2;75;with;max;0;37,5;0,0141362736782584;0;0;37,5;0;0,000376967298086891
v2026;fixed;0;0;2;75;without;mean;0;37,5;0,00433085772724155;0;0;37,5;0;0,000115489539393108
v2026;fixed;0;0;2;75;without;max;0;37,5;0,00325034128583501;0;0;37,5;0;8,6675767622267e-05
v2026;fixed;0;0;2;100;with;mean;0;34,4;0,0185293357558236;0;0;34,4;0;0,000538643481273942
v2026;fixed;0;0;2;100;with;max;0;47,28;0,0158127767235927;0;0;47,28;0;0,000334449592292569
v2026;fixed;0;0;2;100;without;mean;0;50;0,00481907049460469;0;0;50;0;9,63814098920939e-05
v2026;fixed;0;0;2;100;without;max;0;50;0,00342935528120713;0;0;50;0;6,85871056241427e-05
v2026;fixed;0;0;5;25;with;mean;0;5;0,0175247161534456;0;0;5;0;0,00350494323068912
v2026;fixed;0;0;5;25;with;max;0;5;0,0099009900990099;0;0;5;0;0,00198019801980198
v2026;fixed;0;0;5;25;without;mean;0;5;0,00365057666887279;0;0;5;0;0,000730115333774559
v2026;fixed;0;0;5;25;without;max;0;5;0,0029125648045669;0;0;5;0;0,00058251296091338
v2026;fixed;0;0;5;50;with;mean;0;8,64;0,017533887473974;0;0;8,64;0;0,00202938512430255
v2026;fixed;0;0;5;50;with;max;0;10;0,0102124183006536;0;0;10;0;0,00102124183006536
v2026;fixed;0;0;5;50;without;mean;0;10;0,00372229948818875;0;0;10;0;0,000372229948818875
v2026;fixed;0;0;5;50;without;max;0;10;0,0029605068387708;0;0;10;0;0,00029605068387708
v2026;fixed;0;0;5;75;with;mean;0;12,5;0,0177474725162087;0;0;12,5;0;0,0014197978012967
v2026;fixed;0;0;5;75;with;max;0;15;0,0105130361648444;0;0;15;0;0,000700869077656294
v2026;fixed;0;0;5;75;without;mean;0;15;0,00380615765011654;0;0;15;0;0,000253743843341103
v2026;fixed;0;0;5;75;without;max;0;15;0,00302041802585478;0;0;15;0;0,000201361201723652
v2026;fixed;0;0;5;100;with;mean;0;15,42;0,0180991108570097;0;0;15,42;0;0,00117374259773085
v2026;fixed;0;0;5;100;with;max;0;20;0,0110963160230803;0;0;20;0;0,000554815801154017
v2026;fixed;0;0;5;100;without;mean;0;20;0,00393670396591807;0;0;20;0;0,000196835198295904
v2026;fixed;0;0;5;100;without;max;0;20;0,00306842589751458;0;0;20;0;0,000153421294875729
v2026;fixed;1;12;1;12;with;mean;3,32;3,28;0,0111092034075319;1;71,3;6,6;10,8030303030303;0,00168321263750483
v2026;fixed;1;12;1;12;with;max;4,24;4,22;0,0111333778668448;1;64;8,46;7,56501182033097;0,00131600211192019
v2026;fixed;1;12;1;12;without;mean;11,02;8,4;0,00799830078085612;0,388;6,288;19,42;0,323789907312049;0,000411858948550778
v2026;fixed;1;12;1;12;without;max;11,76;11,76;0,00333800654249282;0;0;23,52;0;0,000141922046874695
v2026;fixed;1;25;1;25;with;mean;3,94;4;0,0106916002548814;1;82,296;7,94;10,3647355163728;0,00134654915048884
v2026;fixed;1;25;1;25;with;max;4,52;4,42;0,0106746370623399;1;80;8,94;8,94854586129754;0,00119403099131319
v2026;fixed;1;25;1;25;without;mean;6,5;7,22;0,0103525194901344;1;71,248;13,72;5,1930029154519;0,000754556814149737
v2026;fixed;1;25;1;25;without;max;11,06;10,78;0,00956754688097972;1;54;21,84;2,47252747252747;0,00043807449088735
v2026;fixed;1;37;1;37;with;mean;4,18;3,88;0,0105713105374368;1;86,132;8,06;10,6863523573201;0,00131157698975643
v2026;fixed;1;37;1;37;with;max;4,64;4,52;0,0105507491031863;1;84;9,16;9,17030567685589;0,00115182850471466
v2026;fixed;1;37;1;37;without;mean;5,78;5,3;0,0104244109184679;1;81,236;11,08;7,33176895306859;0,000940831310331038
v2026;fixed;1;37;1;37;without;max;7,36;7,02;0,0102796052631579;1;78;14,38;5,42420027816412;0,000714854329844082
v2026;fixed;1;50;1;50;with;mean;4,32;4,1;0,0105066268478205;1;88,484;8,42;10,5087885985748;0,00124781791541812
v2026;fixed;1;50;1;50;with;max;4,7;4,5;0,010501995379122;1;88;9,2;9,56521739130435;0,00114152123686109
v2026;fixed;1;50;1;50;without;mean;5,5;5,5;0,0104027444759171;1;85,792;11;7,79927272727273;0,00094570404326519
v2026;fixed;1;50;1;50;without;max;6,4;5,94;0,0103648424543947;1;84;12,34;6,80713128038898;0,000839938610566831
v2026;fixed;2;12;2;12;with;mean;2,68;2,76;0,0118402124846982;1;55,468;5,44;10,1963235294118;0,00217650964792247
v2026;fixed;2;12;2;12;with;max;3,84;3,84;0,0122669283611384;1;36;7,68;4,6875;0,00159725629702323
v2026;fixed;2;12;2;12;without;mean;6;6;0,00416676312439364;0;0;12;0;0,000347230260366136
v2026;fixed;2;12;2;12;without;max;6;6;0,00305885231861006;0;0;12;0;0,000254904359884171
v2026;fixed;2;25;2;25;with;mean;3,44;3,34;0,0111162360275346;1;72,156;6,78;10,6424778761062;0,00163956283591956
v2026;fixed;2;25;2;25;with;max;4,3;4,26;0,0111209964412811;1;64;8,56;7,47663551401869;0,00129918182725247
v2026;fixed;2;25;2;25;without;mean;10,92;12,5;0,00875642548489146;0,63;11,6;23,42;0,49530315969257;0,00037388665605856
v2026;fixed;2;25;2;25;without;max;12,5;12,5;0,00339097999321804;0;0;25;0;0,000135639199728722
v2026;fixed;2;37;2;37;with;mean;3,8;3,86;0,0108761821157968;1;78,38;7,66;10,2323759791123;0,00141986711694475
v2026;fixed;2;37;2;37;with;max;4,44;4,38;0,0108908734480505;1;74;8,82;8,39002267573696;0,00123479290794224
v2026;fixed;2;37;2;37;without;mean;7,38;6,46;0,0103477994462239;1;57,912;13,84;4,18439306358381;0,000747673370391903
v2026;fixed;2;37;2;37;without;max;18,5;18,5;0,00437254044599913;0;0;37;0;0,000118176768810787
v2026;fixed;2;50;2;50;with;mean;4,04;4,14;0,0107271636185943;1;82,36;8,18;10,0684596577017;0,00131138919542718
v2026;fixed;2;50;2;50;with;max;4,58;4,5;0,0107898144151921;1;78;9,08;8,59030837004405;0,00118830555233393
v2026;fixed;2;50;2;50;without;mean;6,36;5,62;0,0105339751167292;1;72,408;11,98;6,0440734557596;0,000879296754317966
v2026;fixed;2;50;2;50;without;max;10,26;9,84;0,00996810207336523;1;58;20,1;2,88557213930348;0,000495925476286827
v2026;fixed;5;12;5;12;with;mean;1,78;1,92;0,0134554646303989;1;29,572;3,7;7,99243243243243;0,00363661206226998
v2026;fixed;5;12;5;12;with;max;2,4;2,4;0,0148676776687481;0;0;4,8;0;0,00309743284765586
v2026;fixed;5;12;5;12;without;mean;2,4;2,4;0,00374024552522345;0;0;4,8;0;0,000779217817754886
v2026;fixed;5;12;5;12;without;max;2,4;2,4;0,00295455888435857;0;0;4,8;0;0,000615533100908034
v2026;fixed;5;25;5;25;with;mean;2,6;2,5;0,0122182263029435;1;50,1;5,1;9,82352941176471;0,00239573064763597
v2026;fixed;5;25;5;25;with;max;3,8;3,8;0,0129802699896158;1;26;7,6;3,42105263157895;0,00170793026179155
v2026;fixed;5;25;5;25;without;mean;5;5;0,00407563128787507;0;0;10;0;0,000407563128787507
v2026;fixed;5;25;5;25;without;max;5;5;0,0030517578125;0;0;10;0;0,00030517578125
v2026;fixed;5;37;5;37;with;mean;3,06;3;0,011659756567214;1;59,724;6,06;9,85544554455445;0,0019240522388142
v2026;fixed;5;37;5;37;with;max;4,16;4,16;0,0120918984280532;1;44;8,32;5,28846153846154;0,0014533531764487
v2026;fixed;5;37;5;37;without;mean;7,4;7,4;0,00460221997959906;0;0;14,8;0;0,000310960809432369
v2026;fixed;5;37;5;37;without;max;7,4;7,4;0,00316055625790139;0;0;14,8;0;0,000213551098506851
v2026;fixed;5;50;5;50;with;mean;3,4;3,4;0,0115045298001535;1;66,772;6,8;9,81941176470588;0,00169184261766963
v2026;fixed;5;50;5;50;with;max;4,32;4,32;0,0116686114352392;1;56;8,64;6,48148148148148;0,00135053373093046
v2026;fixed;5;50;5;50;without;mean;9,94;10;0,00665782654148457;0,03;0,328;19,94;0,0164493480441324;0,000333893006092506
v2026;fixed;5;50;5;50;without;max;10;10;0,00333222259246918;0;0;20;0;0,000166611129623459
v2026;proportional;0;0;0;0;with;mean;0;0;0,0175773053408028;0;0;0;NA;Inf
v2026;proportional;0;0;0;0;with;max;0;0;0,00925583117363939;0;0;0;NA;Inf
v2026;proportional;0;0;0;0;without;mean;0;0;0,00356671756687275;0;0;0;NA;Inf
v2026;proportional;0;0;0;0;without;max;0;0;0,00288267512251369;0;0;0;NA;Inf
v2026;proportional;1;25;0;0;with;mean;4,52;0;0,0107594387486645;1;80,932;4,52;17,9053097345133;0,00238040680280187
v2026;proportional;1;25;0;0;with;max;5,38;0;0,0107688994184794;1;78;5,38;14,4981412639405;0,00200165416700361
v2026;proportional;1;25;0;0;without;mean;9,64;0;0,0102117303428705;1;60,632;9,64;6,2896265560166;0,00105930812685378
v2026;proportional;1;25;0;0;without;max;24,5;0;0,00467858145410312;0;0;24,5;0;0,000190962508330739
v2026;proportional;1;50;0;0;with;mean;5,02;0;0,0105375802955003;1;88,952;5,02;17,7195219123506;0,00209911958077694
v2026;proportional;1;50;0;0;with;max;5,6;0;0,0105196717862403;1;88;5,6;15,7142857142857;0,00187851281897148
v2026;proportional;1;50;0;0;without;mean;7,42;0;0,0104127186879123;1;84,176;7,42;11,344474393531;0,00140333135955691
v2026;proportional;1;50;0;0;without;max;9,44;0;0,0103029054193283;1;80;9,44;8,47457627118644;0,00109140947238647
v2026;proportional;1;75;0;0;with;mean;5,22;0;0,0104664089994224;1;92;5,22;17,6245210727969;0,00200505919529164
v2026;proportional;1;75;0;0;with;max;5,74;0;0,0104384133611691;1;92;5,74;16,0278745644599;0,00181853891309566
v2026;proportional;1;75;0;0;without;mean;7,06;0;0,0103999313101794;1;89,74;7,06;12,7110481586402;0,00147307808926054
v2026;proportional;1;75;0;0;without;max;8,06;0;0,0103950103950104;1;88;8,06;10,9181141439206;0,00128970352295414
v2026;proportional;1;100;0;0;with;mean;5,3;0;0,010425116254898;1;93,996;5,3;17,7350943396226;0,00196700306696188
v2026;proportional;1;100;0;0;with;max;5,8;0;0,0104384133611691;1;94;5,8;16,2068965517241;0,00179972644158088
v2026;proportional;1;100;0;0;without;mean;6,82;0;0,010394261711905;1;92,076;6,82;13,5008797653959;0,00152408529500073
v2026;proportional;1;100;0;0;without;max;7,64;0;0,0103820598006645;1;92;7,64;12,0418848167539;0,00135890835087231
v2026;proportional;2;25;0;0;with;mean;3,92;0;0,0112577797684189;1;69,032;3,92;17,6102040816327;0,00287188259398442
v2026;proportional;2;25;0;0;with;max;5,1;0;0,011384335154827;1;58;5,1;11,3725490196078;0,00223222257937784
v2026;proportional;2;25;0;0;without;mean;12,5;0;0,00564815361844403;0,008;0,04;12,5;0,0032;0,000451852289475523
v2026;proportional;2;25;0;0;without;max;12,5;0;0,00327267967011389;0;0;12,5;0;0,000261814373609111
v2026;proportional;2;50;0;0;with;mean;4,64;0;0,0108370481985461;1;81,904;4,64;17,651724137931;0,00233557073244528
v2026;proportional;2;50;0;0;with;max;5,52;0;0,0108318890814558;1;78;5,52;14,1304347826087;0,00196229874664054
v2026;proportional;2;50;0;0;without;mean;9,42;0;0,010429138235494;1;62,468;9,42;6,63142250530786;0,00110712720122017
v2026;proportional;2;50;0;0;without;max;25;0;0,00496327178876315;0;0;25;0;0,000198530871550526
v2026;proportional;2;75;0;0;with;mean;4,94;0;0,0107008149510758;1;86,048;4,94;17,4186234817814;0,00216615687268741
v2026;proportional;2;75;0;0;with;max;5,64;0;0,0106405618216642;1;86;5,64;15,2482269503546;0,00188662443646528
v2026;proportional;2;75;0;0;without;mean;7,9;0;0,0105487052759171;1;78,88;7,9;9,98481012658228;0,00133527914885026
v2026;proportional;2;75;0;0;without;max;11,2;0;0,0103755965968043;1;70;11,2;6,25;0,0009263925532861
v2026;proportional;2;100;0;0;with;mean;5,14;0;0,0105911474864501;1;90;5,14;17,5097276264591;0,00206053453043777
v2026;proportional;2;100;0;0;with;max;5,72;0;0,0106269925611052;1;90;5,72;15,7342657342657;0,00185786583236105
v2026;proportional;2;100;0;0;without;mean;7,34;0;0,01054210388557;1;85,552;7,34;11,6555858310627;0,00143625393536376
v2026;proportional;2;100;0;0;without;max;9,1;0;0,010501995379122;1;82;9,1;9,01098901098901;0,00115406542627715
v2026;proportional;5;25;0;0;with;mean;2,84;0;0,0124635446592161;1;46,844;2,84;16,4943661971831;0,00438857206310425
v2026;proportional;5;25;0;0;with;max;4,5;0;0,013846579894766;1;18;4,5;4;0,00307701775439244
v2026;proportional;5;25;0;0;without;mean;5;0;0,003931231461552;0;0;5;0;0,000786246292310401
v2026;proportional;5;25;0;0;without;max;5;0;0,00300571085061617;0;0;5;0;0,000601142170123234
v2026;proportional;5;50;0;0;with;mean;3,86;0;0,0115608441819377;1;66,296;3,86;17,1751295336788;0,00299503735283361
v2026;proportional;5;50;0;0;with;max;5,02;0;0,0117288294628196;1;48;5,02;9,56175298804781;0,00233642021171705
v2026;proportional;5;50;0;0;without;mean;10;0;0,00480092708947754;0;0;10;0;0,000480092708947754
v2026;proportional;5;50;0;0;without;max;10;0;0,00319366377107818;0;0;10;0;0,000319366377107818
v2026;proportional;5;75;0;0;with;mean;4,4;0;0,0112575193651198;1;75,352;4,4;17,1254545454545;0,00255852712843633
v2026;proportional;5;75;0;0;with;max;5,52;0;0,0113404400090724;1;68;5,52;12,3188405797101;0,00205442753787543
v2026;proportional;5;75;0;0;without;mean;13,72;0;0,00910153262165074;0,494;10,28;13,72;0,749271137026239;0,00066337701323985
v2026;proportional;5;75;0;0;without;max;15;0;0,00347995545657016;0;0;15;0;0,00023199703043801
v2026;proportional;5;100;0;0;with;mean;4,66;0;0,0110036222898026;1;78;4,66;16,7381974248927;0,00236129233686752
v2026;proportional;5;100;0;0;with;max;5,58;0;0,0112157918349035;1;78;5,58;13,9784946236559;0,00200999853672107
v2026;proportional;5;100;0;0;without;mean;10,1;0;0,0108437891651606;0,998;52,492;10,1;5,19722772277228;0,00107364249160006
v2026;proportional;5;100;0;0;without;max;20;0;0,00403648986841043;0;0;20;0;0,000201824493420522
v2026;proportional;0;0;1;25;with;mean;0;24,5;0,0168481738140613;0;0;24,5;0;0,000687680563839237
v2026;proportional;0;0;1;25;with;max;0;24,5;0,0120510966497951;0;0;24,5;0;0,000491881495910005
v2026;proportional;0;0;1;25;without;mean;0;24,5;0,00400038775503485;0;0;24,5;0;0,000163281132858565
v2026;proportional;0;0;1;25;without;max;0;24,5;0,00310655483069276;0;0;24,5;0;0,000126798156354807
v2026;proportional;0;0;1;50;with;mean;0;43,44;0,0168891481152987;0;0;43,44;0;0,00038879254409067
v2026;proportional;0;0;1;50;with;max;0;49;0,0157728706624606;0;0;49;0;0,000321895319642052
v2026;proportional;0;0;1;50;without;mean;0;49;0,00473822141174057;0;0;49;0;9,66983961579709e-05
v2026;proportional;0;0;1;50;without;max;0;49;0,00341903719912473;0;0;49;0;6,97762693698924e-05
v2026;proportional;0;0;1;75;with;mean;0;62,54;0,0176006909116773;0;0;62,54;0;0,000281430938786014
v2026;proportional;0;0;1;75;with;max;0;68,76;0,0168976005407232;0;0;68,76;0;0,000245747535496266
v2026;proportional;0;0;1;75;without;mean;0;73,5;0,00713485662820802;0;0;73,5;0;9,70728792953473e-05
v2026;proportional;0;0;1;75;without;max;0;73,5;0,00382467681480915;0;0;73,5;0;5,20364192491041e-05
v2026;proportional;0;0;1;100;with;mean;0;69,9;0,0190107999937073;0;0;69,9;0;0,000271971387606685
v2026;proportional;0;0;1;100;with;max;0;79,46;0,0181554103122731;0;0;79,46;0;0,000228484901991858
v2026;proportional;0;0;1;100;without;mean;0;73;0,0116829069996312;0;0;73;0;0,000160039821912756
v2026;proportional;0;0;1;100;without;max;0;98;0,00469175190015952;0;0;98;0;4,78750193893829e-05
v2026;proportional;0;0;2;25;with;mean;0;12,38;0,017298555018338;0;0;12,38;0;0,00139729846674782
v2026;proportional;0;0;2;25;with;max;0;12,5;0,0106179655977915;0;0;12,5;0;0,000849437247823317
v2026;proportional;0;0;2;25;without;mean;0;12,5;0,00376269432197418;0;0;12,5;0;0,000301015545757935
v2026;proportional;0;0;2;25;without;max;0;12,5;0,00297565910849253;0;0;12,5;0;0,000238052728679403
v2026;proportional;0;0;2;50;with;mean;0;22,3;0,0172281733480066;0;0;22,3;0;0,000772563827264871
v2026;proportional;0;0;2;50;with;max;0;25;0,0118119536971415;0;0;25;0;0,00047247814788566
v2026;proportional;0;0;2;50;without;mean;0;25;0,00399698183767235;0;0;25;0;0,000159879273506894
v2026;proportional;0;0;2;50;without;max;0;25;0,00310674785634398;0;0;25;0;0,000124269914253759
v2026;proportional;0;0;2;75;with;mean;0;31,12;0,0177417697640154;0;0;31,12;0;0,000570108282905378
v2026;proportional;0;0;2;75;with;max;0;37,5;0,0141362736782584;0;0;37,5;0;0,000376967298086891
v2026;proportional;0;0;2;75;without;mean;0;37,5;0,00433379800827318;0;0;37,5;0;0,000115567946887285
v2026;proportional;0;0;2;75;without;max;0;37,5;0,00325034128583501;0;0;37,5;0;8,6675767622267e-05
v2026;proportional;0;0;2;100;with;mean;0;35,66;0,0187144742565189;0;0;35,66;0;0,00052480297971169
v2026;proportional;0;0;2;100;with;max;0;47,28;0,0158127767235927;0;0;47,28;0;0,000334449592292569
v2026;proportional;0;0;2;100;without;mean;0;50;0,00479151110306551;0;0;50;0;9,58302220613102e-05
v2026;proportional;0;0;2;100;without;max;0;50;0,00342935528120713;0;0;50;0;6,85871056241427e-05
v2026;proportional;0;0;5;25;with;mean;0;5;0,0174461110746123;0;0;5;0;0,00348922221492247
v2026;proportional;0;0;5;25;with;max;0;5;0,0099009900990099;0;0;5;0;0,00198019801980198
v2026;proportional;0;0;5;25;without;mean;0;5;0,00361987007939106;0;0;5;0;0,000723974015878212
v2026;proportional;0;0;5;25;without;max;0;5;0,0029125648045669;0;0;5;0;0,00058251296091338
v2026;proportional;0;0;5;50;with;mean;0;8,56;0,0175399277281813;0;0;8,56;0;0,00204905697759128
v2026;proportional;0;0;5;50;with;max;0;10;0,0102124183006536;0;0;10;0;0,00102124183006536
v2026;proportional;0;0;5;50;without;mean;0;10;0,00372675516088105;0;0;10;0;0,000372675516088105
v2026;proportional;0;0;5;50;without;max;0;10;0,0029605068387708;0;0;10;0;0,00029605068387708
v2026;proportional;0;0;5;75;with;mean;0;12,3;0,0177992918722141;0;0;12,3;0;0,00144709690018001
v2026;proportional;0;0;5;75;with;max;0;15;0,0105130361648444;0;0;15;0;0,000700869077656294
v2026;proportional;0;0;5;75;without;mean;0;15;0,00381101157033017;0;0;15;0;0,000254067438022011
v2026;proportional;0;0;5;75;without;max;0;15;0,00302041802585478;0;0;15;0;0,000201361201723652
v2026;proportional;0;0;5;100;with;mean;0;13,82;0,0182257883167371;0;0;13,82;0;0,00131879799686954
v2026;proportional;0;0;5;100;with;max;0;20;0,0110963160230803;0;0;20;0;0,000554815801154017
v2026;proportional;0;0;5;100;without;mean;0;20;0,00392302849793798;0;0;20;0;0,000196151424896899
v2026;proportional;0;0;5;100;without;max;0;20;0,00306842589751458;0;0;20;0;0,000153421294875729
v2026;proportional;1;12;1;12;with;mean;3,66;3,54;0,0112282621055645;1;68,608;7,2;9,52888888888889;0,00155948084799507
v2026;proportional;1;12;1;12;with;max;4,7;4,7;0,0112968820605513;1;60;9,4;6,38297872340426;0,00120179596388843
v2026;proportional;1;12;1;12;without;mean;11,62;11,76;0,00717023177664704;0,11;1,484;23,38;0,0634730538922156;0,000306682283004578
v2026;proportional;1;12;1;12;without;max;11,76;11,76;0,00342114266164899;0;0;23,52;0;0,000145456745818409
v2026;proportional;1;25;1;25;with;mean;4,32;4,7;0,0107508201416738;1;81,876;9,02;9,07716186252772;0,00119188693366671
v2026;proportional;1;25;1;25;with;max;5;4,98;0,0107342206955775;1;80;9,98;8,01603206412826;0,00107557321598973
v2026;proportional;1;25;1;25;without;mean;7,32;5,82;0,0103462546051436;1;69,74;13,14;5,30745814307458;0,000787386195216409
v2026;proportional;1;25;1;25;without;max;13,9;13,82;0,00917431192660551;1;44;27,72;1,58730158730159;0,000330963633715927
v2026;proportional;1;37;1;37;with;mean;4,56;4,74;0,0106094714727376;1;86,676;9,3;9,32;0,00114080338416534
v2026;proportional;1;37;1;37;with;max;5,08;5,02;0,010575296108291;1;86;10,1;8,51485148514852;0,00104705902062287
v2026;proportional;1;37;1;37;without;mean;6,42;6,26;0,0104242409384088;1;81,672;12,68;6,4410094637224;0,000822101020379242
v2026;proportional;1;37;1;37;without;max;8,28;8,22;0,0102796052631579;1;76;16,5;4,60606060606061;0,000623006379585327
v2026;proportional;1;50;1;50;with;mean;4,68;4,86;0,0105408806352579;1;89,948;9,54;9,42851153039832;0,00110491411271047
v2026;proportional;1;50;1;50;with;max;5,08;5,08;0,0105042016806723;1;88;10,16;8,66141732283465;0,0010338781181764
v2026;proportional;1;50;1;50;without;mean;6;5,6;0,0104178337771395;1;87,024;11,6;7,50206896551724;0,000898089118718925
v2026;proportional;1;50;1;50;without;max;7,08;6,92;0,010366991499067;1;84;14;6;0,000740499392790498
v2026;proportional;2;12;2;12;with;mean;2,9;2,9;0,012059917748659;1;52,112;5,8;8,9848275862069;0,0020792961635619
v2026;proportional;2;12;2;12;with;max;4,18;4,18;0,0126135216952573;1;30;8,36;3,58851674641148;0,00150879446115518
v2026;proportional;2;12;2;12;without;mean;6;6;0,00417479317402221;0;0;12;0;0,000347899431168518
v2026;proportional;2;12;2;12;without;max;6;6;0,00309559187716691;0;0;12;0;0,00025796598976391
v2026;proportional;2;25;2;25;with;mean;3,72;3,78;0,0112151838600032;1;70,192;7,5;9,35893333333333;0,00149535784800043
v2026;proportional;2;25;2;25;with;max;4,7;4,68;0,0112968820605513;1;62;9,38;6,60980810234542;0,0012043584286302
v2026;proportional;2;25;2;25;without;mean;11,96;12,5;0,00798147593523945;0,314;4,452;24,46;0,182011447260834;0,000326307274539634
v2026;proportional;2;25;2;25;without;max;12,5;12,5;0,00345041750051756;0;0;25;0;0,000138016700020703
v2026;proportional;2;37;2;37;with;mean;4,1;4,08;0,0109466941376392;1;77,9;8,18;9,52322738386308;0,00133822666719305
v2026;proportional;2;37;2;37;with;max;4,86;4,82;0,0109265734265734;1;74;9,68;7,64462809917355;0,00112877824654684
v2026;proportional;2;37;2;37;without;mean;8,72;9,36;0,0102916257587861;1;53,008;18,08;2,93185840707965;0,000569227088428432
v2026;proportional;2;37;2;37;without;max;18,5;18,5;0,00419533478771606;0;0;37;0;0,000113387426695029
v2026;proportional;2;50;2;50;with;mean;4,36;4,38;0,0107960381797258;1;82,088;8,74;9,39221967963387;0,00123524464298923
v2026;proportional;2;50;2;50;with;max;4,98;4,86;0,0107573149741824;1;82;9,84;8,33333333333333;0,00109322306648196
v2026;proportional;2;50;2;50;without;mean;7,24;6,4;0,0105317896423345;1;71,152;13,64;5,21642228739003;0,000772125340347107
v2026;proportional;2;50;2;50;without;max;12,66;12,42;0,00975990630489947;1;50;25,08;1,99362041467305;0,000389150969094875
v2026;proportional;5;12;5;12;with;mean;1,88;1,94;0,0137032712861222;1;25,96;3,82;6,79581151832461;0,00358724379217858
v2026;proportional;5;12;5;12;with;max;2,4;2,4;0,0148060408646728;0;0;4,8;0;0,00308459184680683
v2026;proportional;5;12;5;12;without;mean;2,4;2,4;0,00376019865228506;0;0;4,8;0;0,000783374719226055
v2026;proportional;5;12;5;12;without;max;2,4;2,4;0,00294863478209589;0;0;4,8;0;0,000614298912936644
v2026;proportional;5;25;5;25;with;mean;2,76;2,66;0,0124050990299825;1;47,892;5,42;8,83616236162362;0,00228876365866836
v2026;proportional;5;25;5;25;with;max;4,06;4,06;0,0131821776957553;1;18;8,12;2,21674876847291;0,00162342089849204
v2026;proportional;5;25;5;25;without;mean;5;5;0,00406033080176002;0;0;10;0;0,000406033080176002
v2026;proportional;5;25;5;25;without;max;5;5;0,00306297476108797;0;0;10;0;0,000306297476108797
v2026;proportional;5;37;5;37;with;mean;3,26;3,28;0,0118292653279819;1;58,164;6,54;8,89357798165138;0,00180875616635809
v2026;proportional;5;37;5;37;with;max;4,44;4,34;0,0121388686574411;1;48;8,78;5,46697038724373;0,00138255907260149
v2026;proportional;5;37;5;37;without;mean;7,4;7,4;0,00451202338823343;0;0;14,8;0;0,000304866445150908
v2026;proportional;5;37;5;37;without;max;7,4;7,4;0,00318674314850223;0;0;14,8;0;0,000215320483006907
v2026;proportional;5;50;5;50;with;mean;3,64;3,64;0,0115245645343487;1;67,868;7,28;9,32252747252747;0,00158304457889406
v2026;proportional;5;50;5;50;with;max;4,68;4,58;0,0117868929750118;1;58;9,26;6,26349892008639;0,00127288261069242
v2026;proportional;5;50;5;50;without;mean;10;10;0,00567567531229299;0,004;0,052;20;0,0026;0,00028378376561465
v2026;proportional;5;50;5;50;without;max;10;10;0,00334537668941523;0;0;20;0;0,000167268834470761
vlowdensity;fixed;0;0;0;0;with;mean;0;0;0,0155914669464266;0,998;18,44;0;Inf;Inf
vlowdensity;fixed;0;0;0;0;with;max;0;0;0,217391304347826;0;0;0;NA;Inf
vlowdensity;fixed;0;0;0;0;without;mean;0;0;0,00525560169966913;0;0;0;NA;Inf
vlowdensity;fixed;0;0;0;0;without;max;0;0;0,00356049277219967;0;0;0;NA;Inf
vlowdensity;fixed;1;25;0;0;with;mean;1,42;0;0,0109797775620724;1;90,7;1,42;63,8732394366197;0,00773223771976931
vlowdensity;fixed;1;25;0;0;with;max;1,58;0;0,0110326566637246;1;90;1,58;56,9620253164557;0,00698269409096495
vlowdensity;fixed;1;25;0;0;without;mean;1,92;0;0,0111604260678057;1;88,092;1,92;45,88125;0,00581272191031549
vlowdensity;fixed;1;25;0;0;without;max;2,18;0;0,0112384805574286;1;88;2,18;40,3669724770642;0,00515526631074708
vlowdensity;fixed;1;50;0;0;with;mean;1,46;0;0,0108485398377946;1;92,512;1,46;63,3643835616438;0,00743050673821546
vlowdensity;fixed;1;50;0;0;with;max;1,6;0;0,0108837614279495;1;92;1,6;57,5;0,00680235089246844
vlowdensity;fixed;1;50;0;0;without;mean;1,84;0;0,0109768592524397;1;90,36;1,84;49,1086956521739;0,00596568437632593
vlowdensity;fixed;1;50;0;0;without;max;2,02;0;0,0110132158590308;1;90;2,02;44,5544554455446;0,00545208705892616
vlowdensity;fixed;1;75;0;0;with;mean;1,52;0;0,0108097752301757;1;92,56;1,52;60,8947368421053;0,00711169423037875
vlowdensity;fixed;1;75;0;0;with;max;1,64;0;0,0108365843086259;1;92;1,64;56,0975609756098;0,00660767335891825
vlowdensity;fixed;1;75;0;0;without;mean;1,86;0;0,0109306262508305;1;92;1,86;49,4623655913978;0,0058766807800164
vlowdensity;fixed;1;75;0;0;without;max;2,02;0;0,0109601052170101;1;92;2,02;45,5445544554455;0,00542579466188618
vlowdensity;fixed;1;100;0;0;with;mean;1,5;0;0,0108091855523007;1;92,692;1,5;61,7946666666667;0,00720612370153377
vlowdensity;fixed;1;100;0;0;with;max;1,64;0;0,0108365843086259;1;92;1,64;56,0975609756098;0,00660767335891825
vlowdensity;fixed;1;100;0;0;without;mean;1,86;0;0,0109317445046927;1;92;1,86;49,4623655913978;0,00587728199177025
vlowdensity;fixed;1;100;0;0;without;max;2,02;0;0,0109601052170101;1;92;2,02;45,5445544554455;0,00542579466188618
vlowdensity;fixed;2;25;0;0;with;mean;1,34;0;0,0111620861050704;1;87,132;1,34;65,0238805970149;0,00832991500378391
vlowdensity;fixed;2;25;0;0;with;max;1,5;0;0,0112688753662385;1;84;1,5;56;0,0075125835774923
vlowdensity;fixed;2;25;0;0;without;mean;1,98;0;0,0116348849891356;1;77,896;1,98;39,3414141414141;0,00587620453996747
vlowdensity;fixed;2;25;0;0;without;max;2,64;0;0,01215953307393;1;72;2,64;27,2727272727273;0,00460588374012499
vlowdensity;fixed;2;50;0;0;with;mean;1,44;0;0,0109115486423632;1;90,536;1,44;62,8722222222222;0,00757746433497445
vlowdensity;fixed;2;50;0;0;with;max;1,54;0;0,0109673173941654;1;88;1,54;57,1428571428571;0,00712163467153597
vlowdensity;fixed;2;50;0;0;without;mean;1,82;0;0,0111182553232237;1;83,024;1,82;45,6175824175824;0,00610893149627675
vlowdensity;fixed;2;50;0;0;without;max;2,1;0;0,0112233445566779;1;80;2,1;38,0952380952381;0,00534444978889423
vlowdensity;fixed;2;75;0;0;with;mean;1,48;0;0,0108312509457659;1;91,22;1,48;61,6351351351351;0,00731841280119315
vlowdensity;fixed;2;75;0;0;with;max;1,6;0;0,0108695652173913;1;90;1,6;56,25;0,00679347826086957
vlowdensity;fixed;2;75;0;0;without;mean;1,82;0;0,0110121759391128;1;83,488;1,82;45,8725274725275;0,00605064612039166
vlowdensity;fixed;2;75;0;0;without;max;2,04;0;0,0110864745011086;1;80;2,04;39,2156862745098;0,00543454632407287
vlowdensity;fixed;2;100;0;0;with;mean;1,48;0;0,0108303371846574;1;91,392;1,48;61,7513513513513;0,00731779539503877
vlowdensity;fixed;2;100;0;0;with;max;1,6;0;0,0108695652173913;1;90;1,6;56,25;0,00679347826086957
vlowdensity;fixed;2;100;0;0;without;mean;1,82;0;0,0110123648410287;1;83,544;1,82;45,9032967032967;0,00605074991265313
vlowdensity;fixed;2;100;0;0;without;max;2,04;0;0,0110864745011086;1;80;2,04;39,2156862745098;0,00543454632407287
vlowdensity;fixed;5;25;0;0;with;mean;1,16;0;0,0116007962349532;1;76,196;1,16;65,6862068965517;0,0100006864094424
vlowdensity;fixed;5;25;0;0;with;max;1,36;0;0,0119731800766284;1;74;1,36;54,4117647058823;0,00880380887987379
vlowdensity;fixed;5;25;0;0;without;mean;3,02;0;0,0193529784310906;0,944;33,428;3,02;11,0688741721854;0,00640827100367239
vlowdensity;fixed;5;25;0;0;without;max;5;0;0,00475646879756469;0;0;5;0;0,000951293759512938
vlowdensity;fixed;5;50;0;0;with;mean;1,34;0;0,0110800442401748;1;85,204;1,34;63,5850746268657;0,00826868973147375
vlowdensity;fixed;5;50;0;0;with;max;1,48;0;0,0112082492714638;1;82;1,48;55,4054054054054;0,0075731413996377
vlowdensity;fixed;5;50;0;0;without;mean;1,88;0;0,0116716403150597;1;68,76;1,88;36,5744680851064;0,00620831931652111
vlowdensity;fixed;5;50;0;0;without;max;2,7;0;0,0124595066035385;1;56;2,7;20,7407407407407;0,00461463207538463
vlowdensity;fixed;5;75;0;0;with;mean;1,44;0;0,0108938630058144;1;86,468;1,44;60,0472222222222;0,00756518264292664
vlowdensity;fixed;5;75;0;0;with;max;1,56;0;0,0109769484083425;1;84;1,56;53,8461538461538;0,00703650538996313
vlowdensity;fixed;5;75;0;0;without;mean;1,8;0;0,011349261122452;1;73,012;1,8;40,5622222222222;0,00630514506802891
vlowdensity;fixed;5;75;0;0;without;max;2,28;0;0,0117564072419469;1;64;2,28;28,0701754385965;0,00515631896576617
vlowdensity;fixed;5;100;0;0;with;mean;1,44;0;0,010893300414674;1;86,46;1,44;60,0416666666667;0,00756479195463471
vlowdensity;fixed;5;100;0;0;with;max;1,56;0;0,0109769484083425;1;84;1,56;53,8461538461538;0,00703650538996313
vlowdensity;fixed;5;100;0;0;without;mean;1,8;0;0,0113436573718232;1;73,064;1,8;40,5911111111111;0,00630203187323514
vlowdensity;fixed;5;100;0;0;without;max;2,28;0;0,0117564072419469;1;64;2,28;28,0701754385965;0,00515631896576617
vlowdensity;fixed;0;0;1;25;with;mean;0;15,62;0,0151299380984135;0;0;15,62;0;0,000968625998618021
vlowdensity;fixed;0;0;1;25;with;max;0;20,76;0,0190621425848265;0;0;20,76;0;0,000918214960733455
vlowdensity;fixed;0;0;1;25;without;mean;0;24,5;0,0228861190823539;0;0;24,5;0;0,000934127309483833
vlowdensity;fixed;0;0;1;25;without;max;0;24,5;0,0043204009332066;0;0;24,5;0;0,000176342895232923
vlowdensity;fixed;0;0;1;50;with;mean;0;27,16;0,0157874436126993;0;0;27,16;0;0,000581275538022803
vlowdensity;fixed;0;0;1;50;with;max;0;31,14;0,0171232876712329;0;0;31,14;0;0,000549880785845629
vlowdensity;fixed;0;0;1;50;without;mean;0;22,82;0,0141753218215763;0;0;22,82;0;0,000621179746782484
vlowdensity;fixed;0;0;1;50;without;max;0;34,9;0,0222617987533393;0;0;34,9;0;0,000637873889780495
vlowdensity;fixed;0;0;1;75;with;mean;0;33,86;0,017109457300575;0;0;33,86;0;0,00050529997934362
vlowdensity;fixed;0;0;1;75;with;max;0;38,94;0,0184842883548983;0;0;38,94;0;0,000474686398430877
vlowdensity;fixed;0;0;1;75;without;mean;0;19,96;0,0138790575708079;0;0;19,96;0;0,000695343565671737
vlowdensity;fixed;0;0;1;75;without;max;0;27,26;0,0152765047357165;0;0;27,26;0;0,000560400026988865
vlowdensity;fixed;0;0;1;100;with;mean;0;40,7;0,0188525730046377;0;0;40,7;0;0,000463208181932129
vlowdensity;fixed;0;0;1;100;with;max;0;44,58;0,0207641196013289;0;0;44,58;0;0,000465772086167091
vlowdensity;fixed;0;0;1;100;without;mean;0;23,4;0,0144729612522303;0;0;23,4;0;0,000618502617616681
vlowdensity;fixed;0;0;1;100;without;max;0;30,96;0,0162284972411555;0;0;30,96;0;0,000524176267479182
vlowdensity;fixed;0;0;2;25;with;mean;0;8,42;0,0152914247027916;0,6;4,088;8,42;0,485510688836105;0,00181608369391825
vlowdensity;fixed;0;0;2;25;with;max;0;12,18;0,0276395798783858;0;0;12,18;0;0,00226925943172298
vlowdensity;fixed;0;0;2;25;without;mean;0;12,5;0,00676266049494277;0;0;12,5;0;0,000541012839595422
vlowdensity;fixed;0;0;2;25;without;max;0;12,5;0,00387146728610143;0;0;12,5;0;0,000309717382888115
vlowdensity;fixed;0;0;2;50;with;mean;0;11,94;0,0157413695891717;0,006;0,024;11,94;0,00201005025125628;0,00131837266240969
vlowdensity;fixed;0;0;2;50;with;max;0;18,62;0,0222617987533393;0;0;18,62;0;0,00119558532509878
vlowdensity;fixed;0;0;2;50;without;mean;0;25;0,0299845373946817;0;0;25;0;0,00119938149578727
vlowdensity;fixed;0;0;2;50;without;max;0;25;0,00437866713372449;0;0;25;0;0,00017514668534898
vlowdensity;fixed;0;0;2;75;with;mean;0;15,74;0,0165216920692923;0;0;15,74;0;0,00104966277441501
vlowdensity;fixed;0;0;2;75;with;max;0;22;0,0243783520234032;0;0;22;0;0,00110810691015469
vlowdensity;fixed;0;0;2;75;without;mean;0;28,7;0,0895262808470732;0;0;28,7;0;0,00311938260791196
vlowdensity;fixed;0;0;2;75;without;max;0;36,86;0,00527259306126753;0;0;36,86;0;0,000143043761835798
vlowdensity;fixed;0;0;2;100;with;mean;0;15,8;0,0172335812290592;0;0;15,8;0;0,00109073298918096
vlowdensity;fixed;0;0;2;100;with;max;0;23,96;0,0278396436525612;0;0;23,96;0;0,00116192168833728
vlowdensity;fixed;0;0;2;100;without;mean;0;35,3;0,0892675911603004;0;0;35,3;0;0,002528826945051
vlowdensity;fixed;0;0;2;100;without;max;0;46,54;0,00597300203082069;0;0;46,54;0;0,000128341255496792
vlowdensity;fixed;0;0;5;25;with;mean;0;3,06;0,0154912244380443;0,996;14,076;3,06;4,6;0,00506249164641972
vlowdensity;fixed;0;0;5;25;with;max;0;5;0,0469924812030075;0;0;5;0;0,0093984962406015
vlowdensity;fixed;0;0;5;25;without;mean;0;5;0,0057617562542537;0;0;5;0;0,00115235125085074
vlowdensity;fixed;0;0;5;25;without;max;0;5;0,0036697247706422;0;0;5;0;0,00073394495412844
vlowdensity;fixed;0;0;5;50;with;mean;0;4,76;0,01562995819798;0,962;9,868;4,76;2,07310924369748;0,00328360466344118
vlowdensity;fixed;0;0;5;50;with;max;0;9,16;0,0355871886120996;0;0;9,16;0;0,00388506425896284
vlowdensity;fixed;0;0;5;50;without;mean;0;10;0,00658309024454317;0;0;10;0;0,000658309024454317
vlowdensity;fixed;0;0;5;50;without;max;0;10;0,00383818223689261;0;0;10;0;0,000383818223689261
vlowdensity;fixed;0;0;5;75;with;mean;0;5,1;0,0158979806649702;0,872;7,156;5,1;1,40313725490196;0,00311725111077846
vlowdensity;fixed;0;0;5;75;with;max;0;10,12;0,0356125356125356;0;0;10,12;0;0,00351902525815569
vlowdensity;fixed;0;0;5;75;without;mean;0;14,52;0,00747514331923085;0;0;14,52;0;0,00051481703300488
vlowdensity;fixed;0;0;5;75;without;max;0;14,7;0,00396825396825397;0;0;14,7;0;0,000269949249541086
vlowdensity;fixed;0;0;5;100;with;mean;0;6,06;0,0162267702480986;0,792;5,048;6,06;0,833003300330033;0,00267768485942221
vlowdensity;fixed;0;0;5;100;with;max;0;10,64;0,0418760469011725;0;0;10,64;0;0,00393571869371922
vlowdensity;fixed;0;0;5;100;without;mean;0;17,6;0,00783284450333926;0;0;17,6;0;0,000445047983144276
vlowdensity;fixed;0;0;5;100;without;max;0;18,74;0,00406636304489265;0;0;18,74;0;0,000216988422886481
vlowdensity;fixed;1;12;1;12;with;mean;1,32;1,36;0,0112303929490528;1;87,932;2,68;32,810447761194;0,00419044513024359
vlowdensity;fixed;1;12;1;12;with;max;1,48;1,46;0,0113507377979569;1;86;2,94;29,2517006802721;0,00386079516937308
vlowdensity;fixed;1;12;1;12;without;mean;1,78;1,74;0,0115997690421747;1;83,172;3,52;23,6284090909091;0,00329538893243598
vlowdensity;fixed;1;12;1;12;without;max;2,3;2,22;0,012045290291496;1;78;4,52;17,2566371681416;0,00266488723263186
vlowdensity;fixed;1;25;1;25;with;mean;1,42;1,4;0,0109426353337936;1;92,904;2,82;32,9446808510638;0,00388036713964312
vlowdensity;fixed;1;25;1;25;with;max;1,54;1,46;0,0109769484083425;1;92;3;30,6666666666667;0,00365898280278083
vlowdensity;fixed;1;25;1;25;without;mean;1,68;1,34;0,0110384856854211;1;90,164;3,02;29,8556291390728;0,00365512771040433
vlowdensity;fixed;1;25;1;25;without;max;1,84;1,5;0,0110889332446219;1;90;3,34;26,9461077844311;0,00332003989359936
vlowdensity;fixed;1;37;1;37;with;mean;1,48;1,3;0,0108534861298681;1;93,776;2,78;33,7323741007194;0,0039041317013914
vlowdensity;fixed;1;37;1;37;with;max;1,56;1,32;0,0108695652173913;1;92;2,88;31,9444444444444;0,00377415458937198
vlowdensity;fixed;1;37;1;37;without;mean;1,66;1,24;0,0109231183883148;1;92;2,9;31,7241379310345;0,00376659254769476
vlowdensity;fixed;1;37;1;37;without;max;1,8;1,28;0,0109409190371991;1;92;3,08;29,8701298701299;0,00355224644064907
vlowdensity;fixed;1;50;1;50;with;mean;1,5;1,34;0,0108156657118069;1;94,136;2,84;33,1464788732394;0,00380833299711511
vlowdensity;fixed;1;50;1;50;with;max;1,56;1,32;0,010827197921178;1;94;2,88;32,6388888888889;0,00375944372263125
vlowdensity;fixed;1;50;1;50;without;mean;1,64;1,24;0,0108661436263347;1;92,16;2,88;32;0,00377296653692175
vlowdensity;fixed;1;50;1;50;without;max;1,74;1,28;0,0108813928182807;1;92;3,02;30,4635761589404;0,00360311020472872
vlowdensity;fixed;2;12;2;12;with;mean;1,16;1,16;0,0115982280898637;1;81,352;2,32;35,0655172413793;0,00499923624563092
vlowdensity;fixed;2;12;2;12;with;max;1,38;1,38;0,0119445771619685;1;78;2,76;28,2608695652174;0,0043277453485393
vlowdensity;fixed;2;12;2;12;without;mean;2,18;1,76;0,0135840802459508;1;62,948;3,94;15,9766497461929;0,0034477361030332
vlowdensity;fixed;2;12;2;12;without;max;6;6;0,00571232720210214;0;0;12;0;0,000476027266841845
vlowdensity;fixed;2;25;2;25;with;mean;1,34;1,36;0,0111285751925863;1;89,14;2,7;33,0148148148148;0,0041216945157727
vlowdensity;fixed;2;25;2;25;with;max;1,46;1,44;0,0112057373375168;1;88;2,9;30,3448275862069;0,00386404735776442
vlowdensity;fixed;2;25;2;25;without;mean;1,7;1,46;0,0113730099556959;1;84,98;3,16;26,8924050632911;0,00359905378344806
vlowdensity;fixed;2;25;2;25;without;max;2,12;1,96;0,0116495806150979;1;82;4,08;20,0980392156863;0,00285528936644555
vlowdensity;fixed;2;37;2;37;with;mean;1,42;1,42;0,0109486545086605;1;92,108;2,84;32,4323943661972;0,00385516003826073
vlowdensity;fixed;2;37;2;37;with;max;1,5;1,46;0,0109793588054458;1;90;2,96;30,4054054054054;0,00370924283967762
vlowdensity;fixed;2;37;2;37;without;mean;1,66;1,42;0,0110579604961881;1;90;3,08;29,2207792207792;0,00359024691434677
vlowdensity;fixed;2;37;2;37;without;max;1,8;1,62;0,0111209964412811;1;90;3,42;26,3157894736842;0,00325175334540384
vlowdensity;fixed;2;50;2;50;with;mean;1,46;1,46;0,0108729517527033;1;93,628;2,92;32,0643835616438;0,00372361361393948
vlowdensity;fixed;2;50;2;50;with;max;1,52;1,48;0,0108956199607758;1;92;3;30,6666666666667;0,00363187332025859
vlowdensity;fixed;2;50;2;50;without;mean;1,6;1,42;0,0109354505750165;1;90,06;3,02;29,8211920529801;0,00362101012417766
vlowdensity;fixed;2;50;2;50;without;max;1,74;1,5;0,0109697235629662;1;90;3,24;27,7777777777778;0,00338571714906365
vlowdensity;fixed;5;12;5;12;with;mean;0,9;0,96;0,0123555206816276;1;67,632;1,86;36,3612903225807;0,00664275305463851
vlowdensity;fixed;5;12;5;12;with;max;1,18;1,18;0,0135427952329361;1;56;2,36;23,728813559322;0,00573847255632885
vlowdensity;fixed;5;12;5;12;without;mean;2,4;2,4;0,00981434147778421;0,002;0,024;4,8;0,005;0,00204465447453838
vlowdensity;fixed;5;12;5;12;without;max;2,4;2,4;0,00395600917794129;0;0;4,8;0;0,000824168578737769
vlowdensity;fixed;5;25;5;25;with;mean;1,16;1,2;0,0115589195399806;1;77,952;2,36;33,0305084745763;0,00489784726270364
vlowdensity;fixed;5;25;5;25;with;max;1,34;1,34;0,0119019281123542;1;76;2,68;28,3582089552239;0,00444101795237097
vlowdensity;fixed;5;25;5;25;without;mean;2,16;2,04;0,0137621686588096;1;53,3;4,2;12,6904761904762;0,0032767068235261
vlowdensity;fixed;5;25;5;25;without;max;5;5;0,00534930993901787;0;0;10;0;0,000534930993901787
vlowdensity;fixed;5;37;5;37;with;mean;1,3;1,28;0,0112290682651688;1;85,752;2,58;33,2372093023256;0,00435235204076308
vlowdensity;fixed;5;37;5;37;with;max;1,42;1,4;0,0113378684807256;1;82;2,82;29,0780141843972;0,00402052073784597
vlowdensity;fixed;5;37;5;37;without;mean;1,7;1,52;0,0117526143985689;1;70,688;3,22;21,9527950310559;0,00364988024800276
vlowdensity;fixed;5;37;5;37;without;max;2,48;2,38;0,012709710218607;1;58;4,86;11,9341563786008;0,00261516671164753
vlowdensity;fixed;5;50;5;50;with;mean;1,36;1,34;0,0110465188320832;1;87,096;2,7;32,2577777777778;0,00409130327114191
vlowdensity;fixed;5;50;5;50;with;max;1,44;1,42;0,0111284219897619;1;84;2,86;29,3706293706294;0,00389105663977687
vlowdensity;fixed;5;50;5;50;without;mean;1,6;1,54;0,0113302074705567;1;75,988;3,14;24,2;0,00360834632820279
vlowdensity;fixed;5;50;5;50;without;max;1,94;1,84;0,0116171003717472;1;68;3,78;17,989417989418;0,0030733069766527
vlowdensity;proportional;0;0;0;0;with;mean;0;0;0,0155940162238837;0,998;18,432;0;Inf;Inf
vlowdensity;proportional;0;0;0;0;with;max;0;0;0,217391304347826;0;0;0;NA;Inf
vlowdensity;proportional;0;0;0;0;without;mean;0;0;0,00529570540866871;0;0;0;NA;Inf
vlowdensity;proportional;0;0;0;0;without;max;0;0;0,00356049277219967;0;0;0;NA;Inf
vlowdensity;proportional;1;25;0;0;with;mean;1,68;0;0,0109927567239679;1;92,02;1,68;54,7738095238095;0,00654330757379044
vlowdensity;proportional;1;25;0;0;with;max;1,88;0;0,0110497237569061;1;92;1,88;48,936170212766;0,00587751263665217
vlowdensity;proportional;1;25;0;0;without;mean;2,22;0;0,0111695905422875;1;90,12;2,22;40,5945945945946;0,00503134709112051
vlowdensity;proportional;1;25;0;0;without;max;2,6;0;0,0112943302462164;1;88;2,6;33,8461538461538;0,00434397317162169
vlowdensity;proportional;1;50;0;0;with;mean;1,76;0;0,0108295446106388;1;96;1,76;54,5454545454545;0,00615315034695386
vlowdensity;proportional;1;50;0;0;with;max;1,9;0;0,0108436347863804;1;96;1,9;50,5263157894737;0,0057071762033581
vlowdensity;proportional;1;50;0;0;without;mean;2,12;0;0,0108750837201908;1;94,388;2,12;44,522641509434;0,00512975647178812
vlowdensity;proportional;1;50;0;0;without;max;2,3;0;0,0109051254089422;1;94;2,3;40,8695652173913;0,00474135887345313
vlowdensity;proportional;1;75;0;0;with;mean;1,76;0;0,0107714797386027;1;96;1,76;54,5454545454545;0,00612015894238789
vlowdensity;proportional;1;75;0;0;with;max;1,9;0;0,0107851596203624;1;96;1,9;50,5263157894737;0,00567639980019073
vlowdensity;proportional;1;75;0;0;without;mean;2,1;0;0,0108034496960584;1;96;2,1;45,7142857142857;0,00514449985526592
vlowdensity;proportional;1;75;0;0;without;max;2,22;0;0,0108131487889273;1;96;2,22;43,2432432432432;0,00487078774276006
vlowdensity;proportional;1;100;0;0;with;mean;1,8;0;0,0107411754916467;1;97,976;1,8;54,4311111111111;0,0059673197175815
vlowdensity;proportional;1;100;0;0;with;max;1,92;0;0,0107411385606874;1;98;1,92;51,0416666666667;0,00559434300035804
vlowdensity;proportional;1;100;0;0;without;mean;2,04;0;0,0107476674287186;1;96,568;2,04;47,3372549019608;0,00526846442584247
vlowdensity;proportional;1;100;0;0;without;max;2,16;0;0,0107573149741824;1;96;2,16;44,4444444444444;0,00498023841397335
vlowdensity;proportional;2;25;0;0;with;mean;1,58;0;0,011210787289497;1;86,752;1,58;54,906329113924;0,00709543499335253
vlowdensity;proportional;2;25;0;0;with;max;1,8;0;0,0113584734211722;1;86;1,8;47,7777777777778;0,00631026301176233
vlowdensity;proportional;2;25;0;0;without;mean;2,42;0;0,0117984547539018;1;80,8;2,42;33,3884297520661;0,00487539452640569
vlowdensity;proportional;2;25;0;0;without;max;3,58;0;0,0127844541038098;1;70;3,58;19,5530726256983;0,00357107656530999
vlowdensity;proportional;2;50;0;0;with;mean;1,72;0;0,0109137352469817;1;94;1,72;54,6511627906977;0,00634519491103586
vlowdensity;proportional;2;50;0;0;with;max;1,88;0;0,0109457092819615;1;94;1,88;50;0,00582218578827738
vlowdensity;proportional;2;50;0;0;without;mean;2,14;0;0,0110250615089661;1;90,644;2,14;42,3570093457944;0,00515189790138601
vlowdensity;proportional;2;50;0;0;without;max;2,44;0;0,0111185234600845;1;90;2,44;36,8852459016393;0,0045567719098707
vlowdensity;proportional;2;75;0;0;with;mean;1,74;0;0,0107989318195883;1;94;1,74;54,0229885057471;0,00620628265493583
vlowdensity;proportional;2;75;0;0;with;max;1,9;0;0,0108295429932857;1;94;1,9;49,4736842105263;0,00569975947015036
vlowdensity;proportional;2;75;0;0;without;mean;2,1;0;0,0108684522599181;1;94;2,1;44,7619047619048;0,00517545345710387
vlowdensity;proportional;2;75;0;0;without;max;2,28;0;0,0108932461873638;1;94;2,28;41,2280701754386;0,00477773955586133
vlowdensity;proportional;2;100;0;0;with;mean;1,8;0;0,010741175493632;1;97,972;1,8;54,4288888888889;0,00596731971868446
vlowdensity;proportional;2;100;0;0;with;max;1,92;0;0,0107411385606874;1;98;1,92;51,0416666666667;0,00559434300035804
vlowdensity;proportional;2;100;0;0;without;mean;2,02;0;0,0107522501327728;1;95,628;2,02;47,3405940594059;0,00532289610533306
vlowdensity;proportional;2;100;0;0;without;max;2,12;0;0,0107688994184794;1;94;2,12;44,3396226415094;0,0050796695370186
vlowdensity;proportional;5;25;0;0;with;mean;1,34;0;0,0117285150829504;1;77,92;1,34;58,1492537313433;0,00875262319623165
vlowdensity;proportional;5;25;0;0;with;max;1,62;0;0,0122880314573605;1;68;1,62;41,9753086419753;0,00758520460330897
vlowdensity;proportional;5;25;0;0;without;mean;4,32;0;0,034564766898535;0,532;15,488;4,32;3,58518518518519;0,00800110344873494
vlowdensity;proportional;5;25;0;0;without;max;5;0;0,00447868147617341;0;0;5;0;0,000895736295234683
vlowdensity;proportional;5;50;0;0;with;mean;1,58;0;0,0111412764428041;1;88;1,58;55,6962025316456;0,00705144078658485
vlowdensity;proportional;5;50;0;0;with;max;1,8;0;0,0112460638776428;1;88;1,8;48,8888888888889;0,00624781326535712
vlowdensity;proportional;5;50;0;0;without;mean;2,28;0;0,0116377183634152;1;78,62;2,28;34,4824561403509;0,00510426244009437
vlowdensity;proportional;5;50;0;0;without;max;3,4;0;0,0126710593005575;1;68;3,4;20;0,0037267821472228
vlowdensity;proportional;5;75;0;0;with;mean;1,68;0;0,0108683585279013;1;88,012;1,68;52,3880952380952;0,00646926102851268
vlowdensity;proportional;5;75;0;0;with;max;1,84;0;0,0109529025191676;1;88;1,84;47,8260869565217;0,00595266441259108
vlowdensity;proportional;5;75;0;0;without;mean;2,1;0;0,0110647636762229;1;88;2,1;41,9047619047619;0,00526893508391566
vlowdensity;proportional;5;75;0;0;without;max;2,44;0;0,0111781801922647;1;88;2,44;36,0655737704918;0,00458122139027242
vlowdensity;proportional;5;100;0;0;with;mean;1,8;0;0,0107411662678376;1;97,984;1,8;54,4355555555556;0,00596731459324313
vlowdensity;proportional;5;100;0;0;with;max;1,92;0;0,0107411385606874;1;98;1,92;51,0416666666667;0,00559434300035804
vlowdensity;proportional;5;100;0;0;without;mean;1,98;0;0,0107572746020999;1;94,08;1,98;47,5151515151515;0,0054329669707575
vlowdensity;proportional;5;100;0;0;without;max;2,02;0;0,0107874865156419;1;88;2,02;43,5643564356436;0,00534033985922864
vlowdensity;proportional;0;0;1;25;with;mean;0;16,98;0,0151403656999438;0;0;16,98;0;0,000891658757358291
vlowdensity;proportional;0;0;1;25;with;max;0;20,76;0,0190621425848265;0;0;20,76;0;0,000918214960733455
vlowdensity;proportional;0;0;1;25;without;mean;0;24,5;0,0213219517688912;0;0;24,5;0;0,000870283745669027
vlowdensity;proportional;0;0;1;25;without;max;0;24,5;0,0043204009332066;0;0;24,5;0;0,000176342895232923
vlowdensity;proportional;0;0;1;50;with;mean;0;26,46;0,015769181884199;0;0;26,46;0;0,000595963034172299
vlowdensity;proportional;0;0;1;50;with;max;0;31,14;0,0171232876712329;0;0;31,14;0;0,000549880785845629
vlowdensity;proportional;0;0;1;50;without;mean;0;17,9;0,0141443452761245;0;0;17,9;0;0,000790186886934332
vlowdensity;proportional;0;0;1;50;without;max;0;34,9;0,0222617987533393;0;0;34,9;0;0,000637873889780495
vlowdensity;proportional;0;0;1;75;with;mean;0;36,58;0,0171414786403573;0;0;36,58;0;0,00046860247786652
vlowdensity;proportional;0;0;1;75;with;max;0;38,94;0,0184842883548983;0;0;38,94;0;0,000474686398430877
vlowdensity;proportional;0;0;1;75;without;mean;0;21,66;0,0138850386854076;0;0;21,66;0;0,000641045183998504
vlowdensity;proportional;0;0;1;75;without;max;0;27,26;0,0152765047357165;0;0;27,26;0;0,000560400026988865
vlowdensity;proportional;0;0;1;100;with;mean;0;42,24;0,0188480340766255;0;0;42,24;0;0,000446212927950414
vlowdensity;proportional;0;0;1;100;with;max;0;44,58;0,0207641196013289;0;0;44,58;0;0,000465772086167091
vlowdensity;proportional;0;0;1;100;without;mean;0;23,46;0,0144891960791508;0;0;23,46;0;0,000617612791097647
vlowdensity;proportional;0;0;1;100;without;max;0;30,96;0,0162284972411555;0;0;30,96;0;0,000524176267479182
vlowdensity;proportional;0;0;2;25;with;mean;0;8,72;0,0153891023034316;0,576;3,688;8,72;0,422935779816514;0,00176480531002656
vlowdensity;proportional;0;0;2;25;with;max;0;12,18;0,0276395798783858;0;0;12,18;0;0,00226925943172298
vlowdensity;proportional;0;0;2;25;without;mean;0;12,5;0,00675284683948869;0;0;12,5;0;0,000540227747159095
vlowdensity;proportional;0;0;2;25;without;max;0;12,5;0,00387146728610143;0;0;12,5;0;0,000309717382888115
vlowdensity;proportional;0;0;2;50;with;mean;0;11,42;0,0157518402142709;0,002;0,008;11,42;0,000700525394045534;0,00137932050913055
vlowdensity;proportional;0;0;2;50;with;max;0;18,62;0,0222617987533393;0;0;18,62;0;0,00119558532509878
vlowdensity;proportional;0;0;2;50;without;mean;0;25;0,0296319144834866;0;0;25;0;0,00118527657933946
vlowdensity;proportional;0;0;2;50;without;max;0;25;0,00437866713372449;0;0;25;0;0,00017514668534898
vlowdensity;proportional;0;0;2;75;with;mean;0;15,08;0,0164714133355746;0;0;15,08;0;0,0010922687888312
vlowdensity;proportional;0;0;2;75;with;max;0;22;0,0243783520234032;0;0;22;0;0,00110810691015469
vlowdensity;proportional;0;0;2;75;without;mean;0;34,06;0,0894471379004584;0;0;34,06;0;0,00262616376689543
vlowdensity;proportional;0;0;2;75;without;max;0;36,86;0,00527259306126753;0;0;36,86;0;0,000143043761835798
vlowdensity;proportional;0;0;2;100;with;mean;0;15,54;0,0172292523508972;0;0;15,54;0;0,00110870349748373
vlowdensity;proportional;0;0;2;100;with;max;0;23,96;0,0278396436525612;0;0;23,96;0;0,00116192168833728
vlowdensity;proportional;0;0;2;100;without;mean;0;33,06;0,088976441130944;0;0;33,06;0;0,00269136240565469
vlowdensity;proportional;0;0;2;100;without;max;0;46,54;0,00597300203082069;0;0;46,54;0;0,000128341255496792
vlowdensity;proportional;0;0;5;25;with;mean;0;3,52;0,0154093364007565;1;14,352;3,52;4,07727272727273;0,00437765238657856
vlowdensity;proportional;0;0;5;25;with;max;0;5;0,0469924812030075;0;0;5;0;0,0093984962406015
vlowdensity;proportional;0;0;5;25;without;mean;0;5;0,00573307435978453;0;0;5;0;0,00114661487195691
vlowdensity;proportional;0;0;5;25;without;max;0;5;0,0036697247706422;0;0;5;0;0,00073394495412844
vlowdensity;proportional;0;0;5;50;with;mean;0;5,34;0,0155921659873084;0,97;10,052;5,34;1,88239700374532;0,00291988127103154
vlowdensity;proportional;0;0;5;50;with;max;0;9,16;0,0355871886120996;0;0;9,16;0;0,00388506425896284
vlowdensity;proportional;0;0;5;50;without;mean;0;10;0,00654899229903492;0;0;10;0;0,000654899229903492
vlowdensity;proportional;0;0;5;50;without;max;0;10;0,00383818223689261;0;0;10;0;0,000383818223689261
vlowdensity;proportional;0;0;5;75;with;mean;0;5,44;0,0159516515499102;0,872;6,796;5,44;1,24926470588235;0,00293228888785113
vlowdensity;proportional;0;0;5;75;with;max;0;10,12;0,0356125356125356;0;0;10,12;0;0,00351902525815569
vlowdensity;proportional;0;0;5;75;without;mean;0;14,16;0,00750216376728917;0;0;14,16;0;0,000529813825373529
vlowdensity;proportional;0;0;5;75;without;max;0;14,7;0,00396825396825397;0;0;14,7;0;0,000269949249541086
vlowdensity;proportional;0;0;5;100;with;mean;0;5,34;0,0162140940143378;0,75;5,312;5,34;0,994756554307116;0,00303634719369622
vlowdensity;proportional;0;0;5;100;with;max;0;10,64;0,0418760469011725;0;0;10,64;0;0,00393571869371922
vlowdensity;proportional;0;0;5;100;without;mean;0;18,04;0,00786765160935116;0;0;18,04;0;0,00043612259475339
vlowdensity;proportional;0;0;5;100;without;max;0;18,74;0,00406636304489265;0;0;18,74;0;0,000216988422886481
vlowdensity;proportional;1;12;1;12;with;mean;1,46;1,46;0,0112754523437835;1;86,932;2,92;29,7712328767123;0,00386145628211763
vlowdensity;proportional;1;12;1;12;with;max;1,64;1,64;0,0114051094890511;1;86;3,28;26,219512195122;0,00347716752714972
vlowdensity;proportional;1;12;1;12;without;mean;1,98;1,8;0,0117126352557676;1;82,5;3,78;21,8253968253968;0,00309858075549408
vlowdensity;proportional;1;12;1;12;without;max;2,72;2,72;0,0123334977799704;1;76;5,44;13,9705882352941;0,00226718709190632
vlowdensity;proportional;1;25;1;25;with;mean;1,54;1,54;0,0109558603604963;1;92,612;3,08;30,0688311688312;0,00355709751964167
vlowdensity;proportional;1;25;1;25;with;max;1,64;1,64;0,010989010989011;1;92;3,28;28,0487804878049;0,00335030822835701
vlowdensity;proportional;1;25;1;25;without;mean;1,78;1,7;0,011046166152697;1;92;3,48;26,4367816091954;0,00317418567606235
vlowdensity;proportional;1;25;1;25;without;max;2;1,88;0,011101243339254;1;92;3,88;23,7113402061856;0,00286114519052938
vlowdensity;proportional;1;37;1;37;with;mean;1,56;1,6;0,0108549194588703;1;94,212;3,16;29,8139240506329;0,00343510109457921
vlowdensity;proportional;1;37;1;37;with;max;1,64;1,64;0,0108742931709439;1;94;3,28;28,6585365853659;0,00331533328382436
vlowdensity;proportional;1;37;1;37;without;mean;1,7;1,62;0,0108969050796475;1;94;3,32;28,3132530120482;0,00328220032519502
vlowdensity;proportional;1;37;1;37;without;max;1,82;1,76;0,0109170305676856;1;94;3,58;26,2569832402235;0,00304944987924178
vlowdensity;proportional;1;50;1;50;with;mean;1,58;1,52;0,0108108323304655;1;96;3,1;30,9677419354839;0,0034873652678921
vlowdensity;proportional;1;50;1;50;with;max;1,64;1,54;0,0108178277801817;1;96;3,18;30,188679245283;0,00340183263527728
vlowdensity;proportional;1;50;1;50;without;mean;1,72;1,52;0,0108305299255158;1;96;3,24;29,6296296296296;0,00334275614985054
vlowdensity;proportional;1;50;1;50;without;max;1,82;1,6;0,0108389334489486;1;96;3,42;28,0701754385965;0,00316927878624229
vlowdensity;proportional;2;12;2;12;with;mean;1,28;1,24;0,0117105349623967;1;78,42;2,52;31,1190476190476;0,00464703768349076
vlowdensity;proportional;2;12;2;12;with;max;1,54;1,54;0,0121418164157358;1;74;3,08;24,025974025974;0,00394214818692721
vlowdensity;proportional;2;12;2;12;without;mean;2,7;2,86;0,0149033804337519;0,998;55;5,56;9,89208633093525;0,00268046410678991
vlowdensity;proportional;2;12;2;12;without;max;6;6;0,00517384105960265;0;0;12;0;0,000431153421633554
vlowdensity;proportional;2;25;2;25;with;mean;1,46;1,36;0,0111535231736839;1;89,516;2,82;31,7432624113475;0,00395515006159004
vlowdensity;proportional;2;25;2;25;with;max;1,6;1,6;0,011258725512272;1;86;3,2;26,875;0,003518351722585
vlowdensity;proportional;2;25;2;25;without;mean;1,92;1,88;0,011452535731652;1;85,384;3,8;22,4694736842105;0,00301382519254
vlowdensity;proportional;2;25;2;25;without;max;2,4;2,26;0,0118035882908404;1;82;4,66;17,5965665236052;0,00253295886069537
vlowdensity;proportional;2;37;2;37;with;mean;1,5;1,44;0,0109601375962815;1;91,768;2,94;31,2136054421769;0,00372793795791889
vlowdensity;proportional;2;37;2;37;with;max;1,64;1,62;0,0110204981265153;1;90;3,26;27,6073619631902;0,00338052089770409
vlowdensity;proportional;2;37;2;37;without;mean;1,8;1,64;0,0110914173192697;1;90;3,44;26,1627906976744;0,00322424922071793
vlowdensity;proportional;2;37;2;37;without;max;2;1,82;0,0111607142857143;1;90;3,82;23,5602094240838;0,00292165295437547
vlowdensity;proportional;2;50;2;50;with;mean;1,54;1,54;0,0108827091055129;1;94;3,08;30,5194805194805;0,0035333471121795
vlowdensity;proportional;2;50;2;50;with;max;1,64;1,58;0,0109027474923681;1;94;3,22;29,1925465838509;0,00338594642620127
vlowdensity;proportional;2;50;2;50;without;mean;1,78;1,56;0,0109278257421346;1;94;3,34;28,1437125748503;0,00327180411441156
vlowdensity;proportional;2;50;2;50;without;max;1,92;1,62;0,0109505037231713;1;94;3,54;26,5536723163842;0,0030933626336642
vlowdensity;proportional;5;12;5;12;with;mean;0,94;0,96;0,0125238676313045;1;64,456;1,9;33,9242105263158;0,00659150927963392
vlowdensity;proportional;5;12;5;12;with;max;1,3;1,3;0,0143102461362335;1;48;2,6;18,4615384615385;0,00550394082162829
vlowdensity;proportional;5;12;5;12;without;mean;2,4;2,4;0,00875490380957565;0;0;4,8;0;0,00182393829366159
vlowdensity;proportional;5;12;5;12;without;max;2,4;2,4;0,00394383972235368;0;0;4,8;0;0,000821633275490351
vlowdensity;proportional;5;25;5;25;with;mean;1,26;1,2;0,0116596288831614;1;78;2,46;31,7073170731707;0,00473968653787049
vlowdensity;proportional;5;25;5;25;with;max;1,5;1,48;0,0120510966497951;1;74;2,98;24,8322147651007;0,00404399216436078
vlowdensity;proportional;5;25;5;25;without;mean;2,72;2,48;0,01570342881417;0,99;49,164;5,2;9,45461538461539;0,00301989015657115
vlowdensity;proportional;5;25;5;25;without;max;5;5;0,00501907247540654;0;0;10;0;0,000501907247540654
vlowdensity;proportional;5;37;5;37;with;mean;1,4;1,32;0,0112619271048749;1;87,828;2,72;32,2897058823529;0,00414041437679223
vlowdensity;proportional;5;37;5;37;with;max;1,48;1,44;0,0113869278068777;1;80;2,92;27,3972602739726;0,00389963281057456
vlowdensity;proportional;5;37;5;37;without;mean;2;1,7;0,0118938231972255;1;77,396;3,7;20,9178378378378;0,00321454681006093
vlowdensity;proportional;5;37;5;37;without;max;2,96;2,64;0,0130446125750065;1;68;5,6;12,1428571428571;0,00232939510267974
vlowdensity;proportional;5;50;5;50;with;mean;1,44;1,38;0,0110842417635466;1;88;2,82;31,2056737588652;0,00393058218565481
vlowdensity;proportional;5;50;5;50;with;max;1,58;1,48;0,0111557340473003;1;88;3,06;28,7581699346405;0,00364566472133997
vlowdensity;proportional;5;50;5;50;without;mean;1,88;1,58;0,01126708756967;1;87,884;3,46;25,4;0,00325638369065608
vlowdensity;proportional;5;50;5;50;without;max;2,08;1,72;0,0114678899082569;1;78;3,8;20,5263157894737;0,00301786576533076
