name.vec;alternative;by_removal;n_removal;by_fertility;n_fertility;predation;rate;Er;Ef;Rm;ext50;Re;Erf;ETI;MTI
v2026;f;0;0;1;25;With predation;Max;0;24,5;0,0120510966497951;0;0;24,5;0;0,00103993235116137
v2026;f;0;0;1;25;With predation;Mean;0;23,9;0,0168512348101641;0;0;23,9;0;0,00154407331860094
v2026;f;0;0;1;25;Without predation;Max;0;24,5;0,00310655483069276;0;0;24,5;0;0,000268075757997423
v2026;f;0;0;1;25;Without predation;Mean;0;24,5;0,00399769447539331;0;0;24,5;0;0,000344975394010408
v2026;f;0;0;1;50;With predation;Max;0;49;0,0157728706624606;0;0;49;0;0,000117453991654958
v2026;f;0;0;1;50;With predation;Mean;0;43,46;0,0168516701152092;0;0;43,46;0;0,000218373095569578
v2026;f;0;0;1;50;Without predation;Max;0;49;0,00341903719912473;0;0;49;0;2,54601445258628E-05
v2026;f;0;0;1;50;Without predation;Mean;0;49;0,0047487596984841;0;0;49;0;3,53620335786195E-05
v2026;f;0;0;1;75;With predation;Max;0;68,76;0,0168976005407232;0;0;68,76;0;1,74427992140188E-05
v2026;f;0;0;1;75;With predation;Mean;0;61,38;0,0176009423266384;0;0;61,38;0;3,80046196045847E-05
v2026;f;0;0;1;75;Without predation;Max;0;73,5;0,00382467681480915;0;0;73,5;0;2,45770810202539E-06
v2026;f;0;0;1;75;Without predation;Mean;0;73,5;0,00720919025419703;0;0;73,5;0;4,63257058169675E-06
v2026;f;0;0;1;100;With predation;Max;0;79,46;0,0181554103122731;0;0;79,46;0;6,42838849581665E-06
v2026;f;0;0;1;100;With predation;Mean;0;69,38;0,0190119422512394;0;0;69,38;0;1,84455398781217E-05
v2026;f;0;0;1;100;Without predation;Max;0;98;0,00469175190015952;0;0;98;0;2,60165147002801E-07
v2026;f;0;0;1;100;Without predation;Mean;0;71,3;0,0116710510378202;0;0;71,3;0;9,34523683839455E-06
v2026;f;0;0;2;25;With predation;Max;0;12,5;0,0106179655977915;0;0;12,5;0;0,00304209807666374
v2026;f;0;0;2;25;With predation;Mean;0;12,48;0,0172344138103696;0;0;12,48;0;0,00494762759427129
v2026;f;0;0;2;25;Without predation;Max;0;12,5;0,00297565910849253;0;0;12,5;0;0,000852540608403827
v2026;f;0;0;2;25;Without predation;Mean;0;12,5;0,00375490306173373;0;0;12,5;0;0,00107579773893173
v2026;f;0;0;2;50;With predation;Max;0;25;0,0118119536971415;0;0;25;0;0,000969584202975416
v2026;f;0;0;2;50;With predation;Mean;0;21,72;0,0172421561724519;0;0;21,72;0;0,0019647349002837
v2026;f;0;0;2;50;Without predation;Max;0;25;0,00310674785634398;0;0;25;0;0,000255017393512796
v2026;f;0;0;2;50;Without predation;Mean;0;25;0,00399862323973219;0;0;25;0;0,000328226983130907
v2026;f;0;0;2;75;With predation;Max;0;37,5;0,0141362736782584;0;0;37,5;0;0,000332453291716272
v2026;f;0;0;2;75;With predation;Mean;0;31,4;0,0177056020845494;0;0;31,4;0;0,000766347996758178
v2026;f;0;0;2;75;Without predation;Max;0;37,5;0,00325034128583501;0;0;37,5;0;7,64407003055616E-05
v2026;f;0;0;2;75;Without predation;Mean;0;37,5;0,00433085772724155;0;0;37,5;0;0,0001018520113678
v2026;f;0;0;2;100;With predation;Max;0;47,28;0,0158127767235927;0;0;47,28;0;0,000139850437168292
v2026;f;0;0;2;100;With predation;Mean;0;34,4;0,0185293357558236;0;0;34,4;0;0,000594137320344763
v2026;f;0;0;2;100;Without predation;Max;0;50;0,00342935528120713;0;0;50;0;2,31068141258075E-05
v2026;f;0;0;2;100;Without predation;Mean;0;50;0,00481907049460469;0;0;50;0;3,2470641577503E-05
v2026;f;0;0;5;25;With predation;Max;0;5;0,0099009900990099;0;0;5;0;0,00600525405656073
v2026;f;0;0;5;25;With predation;Mean;0;5;0,0175247161534456;0;0;5;0;0,010629277649826
v2026;f;0;0;5;25;Without predation;Max;0;5;0,0029125648045669;0;0;5;0;0,00176655985236976
v2026;f;0;0;5;25;Without predation;Mean;0;5;0,00365057666887279;0;0;5;0;0,00221418667530296
v2026;f;0;0;5;50;With predation;Max;0;10;0,0102124183006536;0;0;10;0;0,00375693873745346
v2026;f;0;0;5;50;With predation;Mean;0;8,64;0,017533887473974;0;0;8,64;0;0,00739005690762003
v2026;f;0;0;5;50;Without predation;Max;0;10;0,0029605068387708;0;0;10;0;0,00108910960143124
v2026;f;0;0;5;50;Without predation;Mean;0;10;0,00372229948818875;0;0;10;0;0,00136935745558762
v2026;f;0;0;5;75;With predation;Max;0;15;0,0105130361648444;0;0;15;0;0,00234577544310797
v2026;f;0;0;5;75;With predation;Mean;0;12,5;0,0177474725162087;0;0;12,5;0;0,00508473600803818
v2026;f;0;0;5;75;Without predation;Max;0;15;0,00302041802585478;0;0;15;0;0,000673946357824181
v2026;f;0;0;5;75;Without predation;Mean;0;15;0,00380615765011654;0;0;15;0;0,000849268566020675
v2026;f;0;0;5;100;With predation;Max;0;20;0,0110963160230803;0;0;20;0;0,00150172307186654
v2026;f;0;0;5;100;With predation;Mean;0;15,42;0,0180991108570097;0;0;15,42;0;0,00387235486077772
v2026;f;0;0;5;100;Without predation;Max;0;20;0,00306842589751458;0;0;20;0;0,000415266287930693
v2026;f;0;0;5;100;Without predation;Mean;0;20;0,00393670396591807;0;0;20;0;0,000532774946246219
v2026;n;0;0;0;0;With predation;Max;0;0;0,00925583117363939;0;0;0;0;0,00925583117363939
v2026;n;0;0;0;0;With predation;Mean;0;0;0,0175764355824081;0;0;0;0;0,0175764355824081
v2026;n;0;0;0;0;Without predation;Max;0;0;0,00288267512251369;0;0;0;0;0,00288267512251369
v2026;n;0;0;0;0;Without predation;Mean;0;0;0,00355581595996518;0;0;0;0;0,00355581595996518
v2026;rf;1;25;0;0;With predation;Max;4,68;0;0,0106700810926163;1;76;4,68;47,5952677979743;0,00668217588196282
v2026;rf;1;25;0;0;With predation;Mean;3,98;0;0,0106989855379969;1;80,468;3,98;54,0473000419066;0,00718610232037752
v2026;rf;1;25;0;0;Without predation;Max;23,82;0;0,00712250712250712;0;0;23,82;0;0,00065787508072036
v2026;rf;1;25;0;0;Without predation;Mean;8;0;0,0102303415355413;1;63,66;8;28,6042818557023;0,00459678876473016
v2026;rf;1;50;0;0;With predation;Max;4,82;0;0,0105086170659941;1;84;4,82;51,8739531882331;0,00648956559231483
v2026;rf;1;50;0;0;With predation;Mean;4,36;0;0,0105231300464933;1;86,612;4,36;56,0048544787203;0,0068044424203864
v2026;rf;1;50;0;0;Without predation;Max;7,96;0;0,0103734439834025;1;80;7,96;36,0903903522434;0,00467977053322659
v2026;rf;1;50;0;0;Without predation;Mean;6,42;0;0,0104397191367916;1;82,032;6,42;43,1684288769011;0,00549378624258109
v2026;rf;1;75;0;0;With predation;Max;4,9;0;0,0104624398409709;1;88;4,9;53,9111226882286;0,00640956679414538
v2026;rf;1;75;0;0;With predation;Mean;4,52;0;0,010481965785532;1;88,608;4,52;56,3860702710005;0,00667024263453899
v2026;rf;1;75;0;0;Without predation;Max;6,88;0;0,0103626943005181;1;86;6,88;43,2218993521868;0,00520808523342411
v2026;rf;1;75;0;0;Without predation;Mean;6,08;0;0,0104373123163434;1;87,984;6,08;47,9018909065193;0,00568247631313366
v2026;rf;1;100;0;0;With predation;Max;4,9;0;0,0104799832320268;1;90;4,9;55,1363754765974;0,00642031433854972
v2026;rf;1;100;0;0;With predation;Mean;4,58;0;0,0104344151589705;1;90,088;4,58;56,984937036569;0,00660026297450665
v2026;rf;1;100;0;0;Without predation;Max;6,64;0;0,0105064089094348;1;90;6,64;46,3309252611153;0,00540857384384155
v2026;rf;1;100;0;0;Without predation;Mean;6,02;0;0,0105361123095576;1;89,988;6,02;49,2877872929189;0,0057707879095855
v2026;rf;2;25;0;0;With predation;Max;4,46;0;0,0112157918349035;1;62;4,46;39,6913938678221;0,00718016792352675
v2026;rf;2;25;0;0;With predation;Mean;3,46;0;0,0111341784117214;1;70,156;3,46;49,6362460454437;0,00787757025996453
v2026;rf;2;25;0;0;Without predation;Max;12,5;0;0,00321316110789795;0;0;12,5;0;0,000920586070497366
v2026;rf;2;25;0;0;Without predation;Mean;12,34;0;0,00671742079897164;0,064;0,776;12,34;0,225913576254562;0,00195561411843101
v2026;rf;2;50;0;0;With predation;Max;4,72;0;0,0107851596203624;1;76;4,72;47,4052669817492;0,00672728120057974
v2026;rf;2;50;0;0;With predation;Mean;4,04;0;0,0107448776667215;1;80,064;4,04;53,4542589252755;0,00717375440794042
v2026;rf;2;50;0;0;Without predation;Max;19,64;0;0,00830426839395449;1;10;19,64;1,4029611260374;0,00116505657368992
v2026;rf;2;50;0;0;Without predation;Mean;7,8;0;0,0104923732502613;1;59,34;7,8;27,201812710852;0,00480976697077791
v2026;rf;2;75;0;0;With predation;Max;4,84;0;0,0106473594548552;1;80;4,84;49,3050561529832;0,0065621081975329
v2026;rf;2;75;0;0;With predation;Mean;4,32;0;0,0106784972533072;1;83,552;4,32;54,2427418407974;0,00693258054575363
v2026;rf;2;75;0;0;Without predation;Max;9;0;0,0105909764880322;1;64;9;26,0204582233983;0,00430596970705994
v2026;rf;2;75;0;0;Without predation;Mean;6,66;0;0,0106975204481427;1;70,912;6,66;36,4317144603416;0,00549595287681071
v2026;rf;2;100;0;0;With predation;Max;4,84;0;0,0106089539571398;1;84;4,84;51,7703089606323;0,00653843838226489
v2026;rf;2;100;0;0;With predation;Mean;4,44;0;0,0105468898313136;1;85,848;4,44;55,0685234471838;0,00676546512406296
v2026;rf;2;100;0;0;Without predation;Max;7,56;0;0,0107781849536538;1;72;7,56;33,8069404110816;0,00506079800649708
v2026;rf;2;100;0;0;Without predation;Mean;6,28;0;0,0107166468641207;1;74,82;6,28;39,9282953386337;0,00571902487343564
v2026;rf;5;25;0;0;With predation;Max;4;0;0,0130718954248366;1;22;4;14,7470410127841;0,00876235354294953
v2026;rf;5;25;0;0;With predation;Mean;2,62;0;0,0122363841963949;1;48,144;2,62;37,0473387253775;0,00941603252944704
v2026;rf;5;25;0;0;Without predation;Max;5;0;0,0029956263854772;0;0;5;0;0,00181693924783606
v2026;rf;5;25;0;0;Without predation;Mean;5;0;0,00393546315522736;0;0;5;0;0,00238697906381481
v2026;rf;5;50;0;0;With predation;Max;4,36;0;0,0117150890346767;1;54;4,36;34,9173572005137;0,00757518423073385
v2026;rf;5;50;0;0;With predation;Mean;3,42;0;0,0114980217593141;1;64,716;3,42;45,9708944159591;0,00816759911443583
v2026;rf;5;50;0;0;Without predation;Max;10;0;0,00320163923929052;0;0;10;0;0,00117781725418276
v2026;rf;5;50;0;0;Without predation;Mean;10;0;0,00519631584012461;0;0;10;0;0,00191161776741536
v2026;rf;5;75;0;0;With predation;Max;4,72;0;0,0113071008593397;1;64;4,72;39,9202248267361;0,00705284388192847
v2026;rf;5;75;0;0;With predation;Mean;3,82;0;0,011180435959063;1;71,888;3,82;49,0632043848291;0,00763059223474016
v2026;rf;5;75;0;0;Without predation;Max;15;0;0,00355239786856128;0;0;15;0;0,000792647105323019
v2026;rf;5;75;0;0;Without predation;Mean;10,92;0;0,0106419785668345;0,75;12,516;10,92;4,1996778745263;0,00357085985365276
v2026;rf;5;100;0;0;With predation;Max;4,66;0;0,0110570544007077;1;70;4,66;43,9255098833139;0,00693838217655179
v2026;rf;5;100;0;0;With predation;Mean;4,16;0;0,0108878081650236;1;76,268;4,16;50,3124948693034;0,00718247223528491
v2026;rf;5;100;0;0;Without predation;Max;20;0;0,00478560490045942;0;0;20;0;0,000647661194662197
v2026;rf;5;100;0;0;Without predation;Mean;8,06;0;0,0116276673621083;1;39,708;8,06;17,7352232939567;0,00519339370038389
v2026;rf + f;1;12;1;12;With predation;Max;4,24;4,22;0,0111333778668448;1;64;8,46;27,4641929958165;0,00477764435047464
v2026;rf + f;1;12;1;12;With predation;Mean;3,32;3,28;0,0111092034075319;1;71,3;6,6;36,8515001492582;0,0057418066063226
v2026;rf + f;1;12;1;12;Without predation;Max;11,76;11,76;0,00333800654249282;0;0;23,52;0;0,000317706837914238
v2026;rf + f;1;12;1;12;Without predation;Mean;11,02;8,4;0,00799830078085612;0,388;6,288;19,42;0,901805021346452;0,00114709093613475
v2026;rf + f;1;25;1;25;With predation;Max;4,52;4,42;0,0106746370623399;1;80;8,94;32,7213128489126;0,00436610173581776
v2026;rf + f;1;25;1;25;With predation;Mean;3,94;4;0,0106916002548814;1;82,296;7,94;37,2005112263589;0,00483295658731235
v2026;rf + f;1;25;1;25;Without predation;Max;11,06;10,78;0,00956754688097972;1;54;21,84;6,07987445286033;0,00107721266404097
v2026;rf + f;1;25;1;25;Without predation;Mean;6,5;7,22;0,0103525194901344;1;71,248;13,72;18,0684396140074;0,00262539121463519
v2026;rf + f;1;37;1;37;With predation;Max;4,64;4,52;0,0105507491031863;1;84;9,16;33,6097700111296;0,00422152679527647
v2026;rf + f;1;37;1;37;With predation;Mean;4,18;3,88;0,0105713105374368;1;86,132;8,06;38,4700879609922;0,00472158136625363
v2026;rf + f;1;37;1;37;Without predation;Max;7,36;7,02;0,0102796052631579;1;78;14,38;18,5173628929431;0,00244039975710388
v2026;rf + f;1;37;1;37;Without predation;Mean;5,78;5,3;0,0104244109184679;1;81,236;11,08;26,8256494452453;0,00344233582367433
v2026;rf + f;1;50;1;50;With predation;Max;4,7;4,5;0,010501995379122;1;88;9,2;35,0696756154373;0,0041852451279617
v2026;rf + f;1;50;1;50;With predation;Mean;4,32;4,1;0,0105066268478205;1;88,484;8,42;38,1231513552292;0,00452675879879273
v2026;rf + f;1;50;1;50;Without predation;Max;6,4;5,94;0,0103648424543947;1;84;12,34;24,4545623780712;0,00301747245642709
v2026;rf + f;1;50;1;50;Without predation;Mean;5,5;5,5;0,0104027444759171;1;85,792;11;28,5576760126256;0,00346277282713274
v2026;rf + f;2;12;2;12;With predation;Max;3,84;3,84;0,0122669283611384;1;36;7,68;16,7018407592993;0,00569111900259627
v2026;rf + f;2;12;2;12;With predation;Mean;2,68;2,76;0,0118402124846982;1;55,468;5,44;32,1948427890267;0,00687231880604186
v2026;rf + f;2;12;2;12;Without predation;Max;6;6;0,00305885231861006;0;0;12;0;0,000921308613459569
v2026;rf + f;2;12;2;12;Without predation;Mean;6;6;0,00416676312439364;0;0;12;0;0,00125500493547657
v2026;rf + f;2;25;2;25;With predation;Max;4,3;4,26;0,0111209964412811;1;64;8,56;27,1909197095632;0,00472484564570644
v2026;rf + f;2;25;2;25;With predation;Mean;3,44;3,34;0,0111162360275346;1;72,156;6,78;36,6286397722101;0,00564294868168176
v2026;rf + f;2;25;2;25;Without predation;Max;12,5;12,5;0,00339097999321804;0;0;25;0;0,000278348588076971
v2026;rf + f;2;25;2;25;Without predation;Mean;10,92;12,5;0,00875642548489146;0,63;11,6;23,42;1,11516803557886;0,000841800500575779
v2026;rf + f;2;37;2;37;With predation;Max;4,44;4,38;0,0108908734480505;1;74;8,82;30,6326089404743;0,00450832253181521
v2026;rf + f;2;37;2;37;With predation;Mean;3,8;3,86;0,0108761821157968;1;78,38;7,66;36,4364188666164;0,0050559980510433
v2026;rf + f;2;37;2;37;Without predation;Max;18,5;18,5;0,00437254044599913;0;0;37;0;0,000108104619459289
v2026;rf + f;2;37;2;37;Without predation;Mean;7,38;6,46;0,0103477994462239;1;57,912;13,84;14,5112558962229;0,0025928920729201
v2026;rf + f;2;50;2;50;With predation;Max;4,58;4,5;0,0107898144151921;1;78;9,08;31,4597460892353;0,00435185669040915
v2026;rf + f;2;50;2;50;With predation;Mean;4,04;4,14;0,0107271636185943;1;82,36;8,18;36,3465715635359;0,00473404104100287
v2026;rf + f;2;50;2;50;Without predation;Max;10,26;9,84;0,00996810207336523;1;58;20,1;7,77134313079069;0,00133561278577357
v2026;rf + f;2;50;2;50;Without predation;Mean;6,36;5,62;0,0105339751167292;1;72,408;11,98;21,852531883965;0,00317912422803032
v2026;rf + f;5;12;5;12;With predation;Max;2,4;2,4;0,0148676776687481;0;0;4,8;0;0,00919987201614837
v2026;rf + f;5;12;5;12;With predation;Mean;1,78;1,92;0,0134554646303989;1;29,572;3,7;20,4263956256079;0,00929415135489319
v2026;rf + f;5;12;5;12;Without predation;Max;2,4;2,4;0,00295455888435857;0;0;4,8;0;0,00182823196775436
v2026;rf + f;5;12;5;12;Without predation;Mean;2,4;2,4;0,00374024552522345;0;0;4,8;0;0,00231440181228551
v2026;rf + f;5;25;5;25;With predation;Max;3,8;3,8;0,0129802699896158;1;26;7,6;12,1593271022576;0,00607043648766757
v2026;rf + f;5;25;5;25;With predation;Mean;2,6;2,5;0,0122182263029435;1;50,1;5,1;30,0848284984945;0,00733699087584531
v2026;rf + f;5;25;5;25;Without predation;Max;5;5;0,0030517578125;0;0;10;0;0,00112267895865308
v2026;rf + f;5;25;5;25;Without predation;Mean;5;5;0,00407563128787507;0;0;10;0;0,00149934096060433
v2026;rf + f;5;37;5;37;With predation;Max;4,16;4,16;0,0120918984280532;1;44;8,32;19,1478346077197;0,0052621288907661
v2026;rf + f;5;37;5;37;With predation;Mean;3,06;3;0,011659756567214;1;59,724;6,06;32,5811516090136;0,0063607309698043
v2026;rf + f;5;37;5;37;Without predation;Max;7,4;7,4;0,00316055625790139;0;0;14,8;0;0,000719461720555666
v2026;rf + f;5;37;5;37;Without predation;Mean;7,4;7,4;0,00460221997959906;0;0;14,8;0;0,00104763871758973
v2026;rf + f;5;50;5;50;With predation;Max;4,32;4,32;0,0116686114352392;1;56;8,64;23,6024776274514;0,00491800250613673
v2026;rf + f;5;50;5;50;With predation;Mean;3,4;3,4;0,0115045298001535;1;66,772;6,8;33,8278298142351;0,00582839028593406
v2026;rf + f;5;50;5;50;Without predation;Max;10;10;0,00333222259246918;0;0;20;0;0,000450967288359256
v2026;rf + f;5;50;5;50;Without predation;Mean;9,94;10;0,00665782654148457;0,03;0,328;19,94;0,0446571133589698;0,00090646132496169
v2026;rp;1;25;0;0;With predation;Max;5,38;0;0,0107688994184794;1;78;5,38;45,545363381905;0,00628812099022859
v2026;rp;1;25;0;0;With predation;Mean;4,52;0;0,0107594387486645;1;80,932;4,52;51,5014156641907;0,00684681371161433
v2026;rp;1;25;0;0;Without predation;Max;24,5;0;0,00467858145410312;0;0;24,5;0;0,000403731573403998
v2026;rp;1;25;0;0;Without predation;Mean;9,64;0;0,0102117303428705;1;60,632;9,64;23,1228846936997;0,00389439014450041
v2026;rp;1;50;0;0;With predation;Max;5,6;0;0,0105196717862403;1;88;5,6;50,2663976186957;0,00600893187301511
v2026;rp;1;50;0;0;With predation;Mean;5,02;0;0,0105375802955003;1;88,952;5,02;53,8443188446029;0,00637859557156133
v2026;rp;1;50;0;0;Without predation;Max;9,44;0;0,0103029054193283;1;80;9,44;31,1254755901789;0,00400853538921531
v2026;rp;1;50;0;0;Without predation;Mean;7,42;0;0,0104127186879123;1;84,176;7,42;40,0812981405527;0,00495812680792528
v2026;rp;1;75;0;0;With predation;Max;5,74;0;0,0104384133611691;1;92;5,74;51,8206426712244;0,00587962270482259
v2026;rp;1;75;0;0;With predation;Mean;5,22;0;0,0104664089994224;1;92;5,22;54,5866079513208;0,00621006265988746
v2026;rp;1;75;0;0;Without predation;Max;8,06;0;0,0103950103950104;1;88;8,06;39,3044134649993;0,00464283848339152
v2026;rp;1;75;0;0;Without predation;Mean;7,06;0;0,0103999313101794;1;89,74;7,06;44,2969843135558;0,0051335591052939
v2026;rp;1;100;0;0;With predation;Max;5,8;0;0,0104384133611691;1;94;5,8;52,6304464571478;0,00584445059045305
v2026;rp;1;100;0;0;With predation;Mean;5,3;0;0,010425116254898;1;93,996;5,3;55,3265127298867;0,00613627523710757
v2026;rp;1;100;0;0;Without predation;Max;7,64;0;0,0103820598006645;1;92;7,64;42,8535537837842;0,00483595823972
v2026;rp;1;100;0;0;Without predation;Mean;6,82;0;0,010394261711905;1;92,076;6,82;46,554064889043;0,00525538831193493
v2026;rp;2;25;0;0;With predation;Max;5,1;0;0,011384335154827;1;58;5,1;34,8287435711114;0,00683624292819067
v2026;rp;2;25;0;0;With predation;Mean;3,92;0;0,0112577797684189;1;69,032;3,92;46,6452063949299;0,00760692810358335
v2026;rp;2;25;0;0;Without predation;Max;12,5;0;0,00327267967011389;0;0;12,5;0;0,000937638424074454
v2026;rp;2;25;0;0;Without predation;Mean;12,5;0;0,00564815361844403;0,008;0,04;12,5;0,0114601918744076;0,00161822310508745
v2026;rp;2;50;0;0;With predation;Max;5,52;0;0,0108318890814558;1;78;5,52;44,9121709834562;0,00623696992948943
v2026;rp;2;50;0;0;With predation;Mean;4,64;0;0,0108370481985461;1;81,904;4,64;51,4982501650732;0,00681394094524911
v2026;rp;2;50;0;0;Without predation;Max;25;0;0,00496327178876315;0;0;25;0;0,000407410157950659
v2026;rp;2;50;0;0;Without predation;Mean;9,42;0;0,010429138235494;1;62,468;9,42;24,3529849108976;0,00406577201259286
v2026;rp;2;75;0;0;With predation;Max;5,64;0;0,0106405618216642;1;86;5,64;48,9278760414045;0,00605372197466613
v2026;rp;2;75;0;0;With predation;Mean;4,94;0;0,0107008149510758;1;86,048;4,94;52,5048360233868;0,00652943164655589
v2026;rp;2;75;0;0;Without predation;Max;11,2;0;0,0103755965968043;1;70;11,2;22,8395856236128;0,00338534752669681
v2026;rp;2;75;0;0;Without predation;Mean;7,9;0;0,0105487052759171;1;78,88;7,9;35,7992774518722;0,0047874749864425
v2026;rp;2;100;0;0;With predation;Max;5,72;0;0,0106269925611052;1;90;5,72;50,7955966307423;0,00599782697257554
v2026;rp;2;100;0;0;With predation;Mean;5,14;0;0,0105911474864501;1;90;5,14;53,8288554656485;0,00633454830292766
v2026;rp;2;100;0;0;Without predation;Max;9,1;0;0,010501995379122;1;82;9,1;33,0069863707582;0,00422730754078591
v2026;rp;2;100;0;0;Without predation;Mean;7,34;0;0,01054210388557;1;85,552;7,34;41,0636941954107;0,00506005388691436
v2026;rp;5;25;0;0;With predation;Max;4,5;0;0,013846579894766;1;18;4,5;11,4773067291919;0,00882896914458285
v2026;rp;5;25;0;0;With predation;Mean;2,84;0;0,0124635446592161;1;46,844;2,84;35,2626007046171;0,00938214069426394
v2026;rp;5;25;0;0;Without predation;Max;5;0;0,00300571085061617;0;0;5;0;0,00182305578512965
v2026;rp;5;25;0;0;Without predation;Mean;5;0;0,003931231461552;0;0;5;0;0,00238441241185819
v2026;rp;5;50;0;0;With predation;Max;5,02;0;0,0117288294628196;1;48;5,02;29,0553029110188;0,00709968110070635
v2026;rp;5;50;0;0;With predation;Mean;3,86;0;0,0115608441819377;1;66,296;3,86;45,0660667705026;0,00785872112686407
v2026;rp;5;50;0;0;Without predation;Max;10;0;0,00319366377107818;0;0;10;0;0,00117488324339372
v2026;rp;5;50;0;0;Without predation;Mean;10;0;0,00480092708947754;0;0;10;0;0,00176616237478184
v2026;rp;5;75;0;0;With predation;Max;5,52;0;0,0113404400090724;1;68;5,52;39,1542003445516;0,00652979206044984
v2026;rp;5;75;0;0;With predation;Mean;4,4;0;0,0112575193651198;1;75,352;4,4;48,5294324014569;0,00725025248218591
v2026;rp;5;75;0;0;Without predation;Max;15;0;0,00347995545657016;0;0;15;0;0,000776483018333902
v2026;rp;5;75;0;0;Without predation;Mean;13,72;0;0,00910153262165074;0,494;10,28;13,72;2,60700032607225;0,0023081418786382
v2026;rp;5;100;0;0;With predation;Max;5,58;0;0,0112157918349035;1;78;5,58;44,6435047622174;0,00641938789991735
v2026;rp;5;100;0;0;With predation;Mean;4,66;0;0,0110036222898026;1;78;4,66;48,9455681556926;0,00690485313775681
v2026;rp;5;100;0;0;Without predation;Max;20;0;0,00403648986841043;0;0;20;0;0,000546279499623043
v2026;rp;5;100;0;0;Without predation;Mean;10,1;0;0,0108437891651606;0,998;52,492;10,1;19,1185826756684;0,00394951382442354
v2026;rp + f;1;12;1;12;With predation;Max;4,7;4,7;0,0112968820605513;1;60;9,4;23,4376701215113;0,00441287658561366
v2026;rp + f;1;12;1;12;With predation;Mean;3,66;3,54;0,0112282621055645;1;68,608;7,2;33,3950987769017;0,00546538191039338
v2026;rp + f;1;12;1;12;Without predation;Max;11,76;11,76;0,00342114266164899;0;0;23,52;0;0,000325619618550625
v2026;rp + f;1;12;1;12;Without predation;Mean;11,62;11,76;0,00717023177664704;0,11;1,484;23,38;0,143236401655446;0,000692074257899228
v2026;rp + f;1;25;1;25;With predation;Max;5;4,98;0,0107342206955775;1;80;9,98;29,4892749042735;0,00395680481218784
v2026;rp + f;1;25;1;25;With predation;Mean;4,32;4,7;0,0107508201416738;1;81,876;9,02;33,2217873982322;0,00436222410844838
v2026;rp + f;1;25;1;25;Without predation;Max;13,9;13,82;0,00917431192660551;1;44;27,72;2,75161946281951;0,000573732164891475
v2026;rp + f;1;25;1;25;Without predation;Mean;7,32;5,82;0,0103462546051436;1;69,74;13,14;18,7421320668281;0,00278048279619486
v2026;rp + f;1;37;1;37;With predation;Max;5,08;5,02;0,010575296108291;1;86;10,1;31,322832243151;0,00385172355722845
v2026;rp + f;1;37;1;37;With predation;Mean;4,56;4,74;0,0106094714727376;1;86,676;9,3;34,1983374001689;0,00418600633465028
v2026;rp + f;1;37;1;37;Without predation;Max;8,28;8,22;0,0102796052631579;1;76;16,5;14,5957930551773;0,0019741972514469
v2026;rp + f;1;37;1;37;Without predation;Mean;6,42;6,26;0,0104242409384088;1;81,672;12,68;22,9819982770688;0,00293331726033721
v2026;rp + f;1;50;1;50;With predation;Max;5,08;5,08;0,0105042016806723;1;88;10,16;31,8595383518269;0,00380294336705345
v2026;rp + f;1;50;1;50;With predation;Mean;4,68;4,86;0,0105408806352579;1;89,948;9,54;34,6477131733412;0,00406031717041894
v2026;rp + f;1;50;1;50;Without predation;Max;7,08;6,92;0,010366991499067;1;84;14;20,7141449710949;0,00255646862887837
v2026;rp + f;1;50;1;50;Without predation;Mean;6;5,6;0,0104178337771395;1;87,024;11,6;27,2808214051278;0,00326584692386527
v2026;rp + f;2;12;2;12;With predation;Max;4,18;4,18;0,0126135216952573;1;30;8,36;13,0032247144951;0,00546721523481967
v2026;rp + f;2;12;2;12;With predation;Mean;2,9;2,9;0,012059917748659;1;52,112;5,8;29,1774236784562;0,00675232824838727
v2026;rp + f;2;12;2;12;Without predation;Max;6;6;0,00309559187716691;0;0;12;0;0,000932374355845102
v2026;rp + f;2;12;2;12;Without predation;Mean;6;6;0,00417479317402221;0;0;12;0;0,00125742353994606
v2026;rp + f;2;25;2;25;With predation;Max;4,7;4,68;0,0112968820605513;1;62;9,38;24,2674121139724;0,00442171117042484
v2026;rp + f;2;25;2;25;With predation;Mean;3,72;3,78;0,0112151838600032;1;70,192;7,5;33,1563530699973;0,00529767773830638
v2026;rp + f;2;25;2;25;Without predation;Max;12,5;12,5;0,00345041750051756;0;0;25;0;0,00028322751578186
v2026;rp + f;2;25;2;25;Without predation;Mean;11,96;12,5;0,00798147593523945;0,314;4,452;24,46;0,385718840817966;0,000691510702101764
v2026;rp + f;2;37;2;37;With predation;Max;4,86;4,82;0,0109265734265734;1;74;9,68;28,108305251002;0,00415037109758936
v2026;rp + f;2;37;2;37;With predation;Mean;4,1;4,08;0,0109466941376392;1;77,9;8,18;34,3783138028102;0,00483092280060518
v2026;rp + f;2;37;2;37;Without predation;Max;18,5;18,5;0,00419533478771606;0;0;37;0;0,000103723470676034
v2026;rp + f;2;37;2;37;Without predation;Mean;8,72;9,36;0,0102916257587861;1;53,008;18,08;8,69234580213441;0,00168763903489139
v2026;rp + f;2;50;2;50;With predation;Max;4,98;4,86;0,0107573149741824;1;82;9,84;30,6526539415283;0,00402122260053211
v2026;rp + f;2;50;2;50;With predation;Mean;4,36;4,38;0,0107960381797258;1;82,088;8,74;34,2536059562302;0,00450496098938632
v2026;rp + f;2;50;2;50;Without predation;Max;12,66;12,42;0,00975990630489947;1;50;25,08;4,07154691821319;0,000794758328755259
v2026;rp + f;2;50;2;50;Without predation;Mean;7,24;6,4;0,0105317896423345;1;71,152;13,64;18,1890257922138;0,002692306519038
v2026;rp + f;5;12;5;12;With predation;Max;2,4;2,4;0,0148060408646728;0;0;4,8;0;0,00916173218546256
v2026;rp + f;5;12;5;12;With predation;Mean;1,88;1,94;0,0137032712861222;1;25,96;3,82;17,7175715812119;0,00935241486550987
v2026;rp + f;5;12;5;12;Without predation;Max;2,4;2,4;0,00294863478209589;0;0;4,8;0;0,00182456623166286
v2026;rp + f;5;12;5;12;Without predation;Mean;2,4;2,4;0,00376019865228506;0;0;4,8;0;0,00232674847592583
v2026;rp + f;5;25;5;25;With predation;Max;4,06;4,06;0,0131821776957553;1;18;8,12;7,99144630584804;0,00585248140276534
v2026;rp + f;5;25;5;25;With predation;Mean;2,76;2,66;0,0124050990299825;1;47,892;5,42;27,853217124855;0,00721460612915372
v2026;rp + f;5;25;5;25;Without predation;Max;5;5;0,00306297476108797;0;0;10;0;0,00112680544343127
v2026;rp + f;5;25;5;25;Without predation;Mean;5;5;0,00406033080176002;0;0;10;0;0,00149371222632267
v2026;rp + f;5;37;5;37;With predation;Max;4,44;4,34;0,0121388686574411;1;48;8,78;19,9494387659562;0,00504507535353347
v2026;rp + f;5;37;5;37;With predation;Mean;3,26;3,28;0,0118292653279819;1;58,164;6,54;30,2430560678922;0,00615076567217058
v2026;rp + f;5;37;5;37;Without predation;Max;7,4;7,4;0,00318674314850223;0;0;14,8;0;0,000725422843798001
v2026;rp + f;5;37;5;37;Without predation;Mean;7,4;7,4;0,00451202338823343;0;0;14,8;0;0,00102710657403116
v2026;rp + f;5;50;5;50;With predation;Max;4,68;4,58;0,0117868929750118;1;58;9,26;22,9758349796222;0,00466920186062654
v2026;rp + f;5;50;5;50;With predation;Mean;3,64;3,64;0,0115245645343487;1;67,868;7,28;32,7716771941495;0,00556490995348057
v2026;rp + f;5;50;5;50;Without predation;Max;10;10;0,00334537668941523;0;0;20;0;0,000452747501795172
v2026;rp + f;5;50;5;50;Without predation;Mean;10;10;0,00567567531229299;0,004;0,052;20;0,00703743472830386;0,000768119125948222
vlowdensity;f;0;0;1;25;With predation;Max;0;20,76;0,0190621425848265;0;0;20,76;0;0,0023909823450819
vlowdensity;f;0;0;1;25;With predation;Mean;0;15,62;0,0151299380984135;0;0;15,62;0;0,00317299341246685
vlowdensity;f;0;0;1;25;Without predation;Max;0;24,5;0,0043204009332066;0;0;24,5;0;0,000372822891641625
vlowdensity;f;0;0;1;25;Without predation;Mean;0;24,5;0,0228861190823539;0;0;24,5;0;0,001974925296668
vlowdensity;f;0;0;1;50;With predation;Max;0;31,14;0,0171232876712329;0;0;31,14;0;0,000760666230330275
vlowdensity;f;0;0;1;50;With predation;Mean;0;27,16;0,0157874436126993;0;0;27,16;0;0,00104416227794742
vlowdensity;f;0;0;1;50;Without predation;Max;0;34,9;0,0222617987533393;0;0;34,9;0;0,000679004278076971
vlowdensity;f;0;0;1;50;Without predation;Mean;0;22,82;0,0141753218215763;0;0;22,82;0;0,00144701462225331
vlowdensity;f;0;0;1;75;With predation;Max;0;38,94;0,0184842883548983;0;0;38,94;0;0,000376409020308473
vlowdensity;f;0;0;1;75;With predation;Mean;0;33,86;0,017109457300575;0;0;33,86;0;0,000579048736799766
vlowdensity;f;0;0;1;75;Without predation;Max;0;27,26;0,0152765047357165;0;0;27,26;0;0,0010003160598455
vlowdensity;f;0;0;1;75;Without predation;Mean;0;19,96;0,0138790575708079;0;0;19,96;0;0,00188585453881718
vlowdensity;f;0;0;1;100;With predation;Max;0;44,58;0,0207641196013289;0;0;44,58;0;0,000240562939248219
vlowdensity;f;0;0;1;100;With predation;Mean;0;40,7;0,0188525730046377;0;0;40,7;0;0,000321952713565918
vlowdensity;f;0;0;1;100;Without predation;Max;0;30,96;0,0162284972411555;0;0;30,96;0;0,000734011036640003
vlowdensity;f;0;0;1;100;Without predation;Mean;0;23,4;0,0144729612522303;0;0;23,4;0;0,00139414617562878
vlowdensity;f;0;0;2;25;With predation;Max;0;12,18;0,0276395798783858;0;0;12,18;0;0,00817637418772893
vlowdensity;f;0;0;2;25;With predation;Mean;0;8,42;0,0152914247027916;0,6;4,088;8,42;1,76130648185183;0,00658827921863405
vlowdensity;f;0;0;2;25;Without predation;Max;0;12,5;0,00387146728610143;0;0;12,5;0;0,00110919394835536
vlowdensity;f;0;0;2;25;Without predation;Mean;0;12,5;0,00676266049494277;0;0;12,5;0;0,00193753467133801
vlowdensity;f;0;0;2;50;With predation;Max;0;18,62;0,0222617987533393;0;0;18,62;0;0,00345862858960513
vlowdensity;f;0;0;2;50;With predation;Mean;0;11,94;0,0157413695891717;0,006;0,024;11,94;0,00727216342893037;0,00476974217698546
vlowdensity;f;0;0;2;50;Without predation;Max;0;25;0,00437866713372449;0;0;25;0;0,000359422885646286
vlowdensity;f;0;0;2;50;Without predation;Mean;0;25;0,0299845373946817;0;0;25;0;0,00246128071078069
vlowdensity;f;0;0;2;75;With predation;Max;0;22;0,0243783520234032;0;0;22;0;0,00270119839986187
vlowdensity;f;0;0;2;75;With predation;Mean;0;15,74;0,0165216920692923;0;0;15,74;0;0,00342353686708491
vlowdensity;f;0;0;2;75;Without predation;Max;0;36,86;0,00527259306126753;0;0;36,86;0;0,000132194928256333
vlowdensity;f;0;0;2;75;Without predation;Mean;0;28,7;0,0895262808470732;0;0;28,7;0;0,00507604402471496
vlowdensity;f;0;0;2;100;With predation;Max;0;23,96;0,0278396436525612;0;0;23,96;0;0,00253567794584696
vlowdensity;f;0;0;2;100;With predation;Mean;0;15,8;0,0172335812290592;0;0;15,8;0;0,0035496885860773
vlowdensity;f;0;0;2;100;Without predation;Max;0;46,54;0,00597300203082069;0;0;46,54;0;5,6883478161201E-05
vlowdensity;f;0;0;2;100;Without predation;Mean;0;35,3;0,0892675911603004;0;0;35,3;0;0,00261597924860599
vlowdensity;f;0;0;5;25;With predation;Max;0;5;0,0469924812030075;0;0;5;0;0,0285023806255937
vlowdensity;f;0;0;5;25;With predation;Mean;0;3,06;0,0154912244380443;0,996;14,076;3,06;10,3653780554641;0,0114075303951672
vlowdensity;f;0;0;5;25;Without predation;Max;0;5;0,0036697247706422;0;0;5;0;0,00222580058610141
vlowdensity;f;0;0;5;25;Without predation;Mean;0;5;0,0057617562542537;0;0;5;0;0,00349468182199589
vlowdensity;f;0;0;5;50;With predation;Max;0;9,16;0,0355871886120996;0;0;9,16;0;0,0142390145785162
vlowdensity;f;0;0;5;50;With predation;Mean;0;4,76;0,01562995819798;0,962;9,868;4,76;6,13062804281795;0,00971032225745932
vlowdensity;f;0;0;5;50;Without predation;Max;0;10;0,00383818223689261;0;0;10;0;0,00141198833642221
vlowdensity;f;0;0;5;50;Without predation;Mean;0;10;0,00658309024454317;0;0;10;0;0,00242178356034372
vlowdensity;f;0;0;5;75;With predation;Max;0;10,12;0,0356125356125356;0;0;10,12;0;0,0129448457822278
vlowdensity;f;0;0;5;75;With predation;Mean;0;5,1;0,0158979806649702;0,872;7,156;5,1;4,29714636198058;0,00954666710135749
vlowdensity;f;0;0;5;75;Without predation;Max;0;14,7;0,00396825396825397;0;0;14,7;0;0,000912402718994936
vlowdensity;f;0;0;5;75;Without predation;Mean;0;14,52;0,00747514331923085;0;0;14,52;0;0,00174994313344682
vlowdensity;f;0;0;5;100;With predation;Max;0;10,64;0,0418760469011725;0;0;10,64;0;0,0144502828745135
vlowdensity;f;0;0;5;100;With predation;Mean;0;6,06;0,0162267702480986;0,792;5,048;6,06;2,75382849980411;0,00885216766422095
vlowdensity;f;0;0;5;100;Without predation;Max;0;18,74;0,00406636304489265;0;0;18,74;0;0,000624220878801328
vlowdensity;f;0;0;5;100;Without predation;Mean;0;17,6;0,00783284450333926;0;0;17,6;0;0,00134760066592413
vlowdensity;n;0;0;0;0;With predation;Max;0;0;0,217391304347826;0;0;0;0;0,217391304347826
vlowdensity;n;0;0;0;0;With predation;Mean;0;0;0,0155914669464266;0,998;18,44;0;18,44;0,0155914669464266
vlowdensity;n;0;0;0;0;Without predation;Max;0;0;0,00356049277219967;0;0;0;0;0,00356049277219967
vlowdensity;n;0;0;0;0;Without predation;Mean;0;0;0,00525560169966913;0;0;0;0;0,00525560169966913
vlowdensity;rf;1;25;0;0;With predation;Max;1,58;0;0,0110326566637246;1;90;1,58;76,8464803771634;0,00942023148685437
vlowdensity;rf;1;25;0;0;With predation;Mean;1,42;0;0,0109797775620724;1;90,7;1,42;78,6932479632724;0,0095262884043411
vlowdensity;rf;1;25;0;0;Without predation;Max;2,18;0;0,0112384805574286;1;88;2,18;70,7630388666573;0,00903714814190332
vlowdensity;rf;1;25;0;0;Without predation;Mean;1,92;0;0,0111604260678057;1;88,092;1,92;72,7029326591693;0,00921077628905366
vlowdensity;rf;1;50;0;0;With predation;Max;1,6;0;0,0108837614279495;1;92;1,6;78,3972285848915;0,00927452970141719
vlowdensity;rf;1;50;0;0;With predation;Mean;1,46;0;0,0108485398377946;1;92,512;1,46;79,9449574370177;0,00937484926913568
vlowdensity;rf;1;50;0;0;Without predation;Max;2,02;0;0,0110132158590308;1;90;2,02;73,5385435148013;0,00899884281874707
vlowdensity;rf;1;50;0;0;Without predation;Mean;1,84;0;0,0109768592524397;1;90,36;1,84;75,1737192337781;0,00913204222567066
vlowdensity;rf;1;75;0;0;With predation;Max;1,64;0;0,0108365843086259;1;92;1,64;78,084266012979;0,00919746447637847
vlowdensity;rf;1;75;0;0;With predation;Mean;1,52;0;0,0108097752301757;1;92,56;1,52;79,5079552653984;0,00928547024016661
vlowdensity;rf;1;75;0;0;Without predation;Max;2,02;0;0,0109601052170101;1;92;2,02;75,1727333706858;0,0089554463825322
vlowdensity;rf;1;75;0;0;Without predation;Mean;1,86;0;0,0109306262508305;1;92;1,86;76,3851707383378;0,00907541035268092
vlowdensity;rf;1;100;0;0;With predation;Max;1,64;0;0,0108365843086259;1;92;1,64;78,084266012979;0,00919746447637847
vlowdensity;rf;1;100;0;0;With predation;Mean;1,5;0;0,0108091855523007;1;92,692;1,5;79,7807437507915;0,00930355222352371
vlowdensity;rf;1;100;0;0;Without predation;Max;2,02;0;0,0109601052170101;1;92;2,02;75,1727333706858;0,0089554463825322
vlowdensity;rf;1;100;0;0;Without predation;Mean;1,86;0;0,0109317445046927;1;92;1,86;76,3851707383378;0,00907633880933519
vlowdensity;rf;2;25;0;0;With predation;Max;1,5;0;0,0112688753662385;1;84;1,5;72,2994700197049;0,00969921091306132
vlowdensity;rf;2;25;0;0;With predation;Mean;1,34;0;0,0111620861050704;1;87,132;1,34;76,2047815090177;0,0097622496077415
vlowdensity;rf;2;25;0;0;Without predation;Max;2,64;0;0,01215953307393;1;72;2,64;55,2940948552828;0,00933819965535881
vlowdensity;rf;2;25;0;0;Without predation;Mean;1,98;0;0,0116348849891356;1;77,896;1,98;63,9035300800245;0,00954490888981273
vlowdensity;rf;2;50;0;0;With predation;Max;1,54;0;0,0109673173941654;1;88;1,54;75,4399378490083;0,00940197434757028
vlowdensity;rf;2;50;0;0;With predation;Mean;1,44;0;0,0109115486423632;1;90,536;1,44;78,3940131582882;0,00944817628177435
vlowdensity;rf;2;50;0;0;Without predation;Max;2,1;0;0,0112233445566779;1;80;2,1;64,846739677615;0,00909746628473836
vlowdensity;rf;2;50;0;0;Without predation;Mean;1,82;0;0,0111182553232237;1;83,024;1,82;69,208917686676;0,00926819254052366
vlowdensity;rf;2;75;0;0;With predation;Max;1,6;0;0,0108695652173913;1;90;1,6;76,692941006959;0,00926243248876316
vlowdensity;rf;2;75;0;0;With predation;Mean;1,48;0;0,0108312509457659;1;91,22;1,48;78,6709663050134;0,00934120782937397
vlowdensity;rf;2;75;0;0;Without predation;Max;2,04;0;0,0110864745011086;1;80;2,04;65,2369896949834;0,00904060278478148
vlowdensity;rf;2;75;0;0;Without predation;Mean;1,82;0;0,0110121759391128;1;83,488;1,82;69,5957087086289;0,00917976462373834
vlowdensity;rf;2;100;0;0;With predation;Max;1,6;0;0,0108695652173913;1;90;1,6;76,692941006959;0,00926243248876316
vlowdensity;rf;2;100;0;0;With predation;Mean;1,48;0;0,0108303371846574;1;91,392;1,48;78,8193044567834;0,00934041977336238
vlowdensity;rf;2;100;0;0;Without predation;Max;2,04;0;0,0110864745011086;1;80;2,04;65,2369896949834;0,00904060278478148
vlowdensity;rf;2;100;0;0;Without predation;Mean;1,82;0;0,0110123648410287;1;83,544;1,82;69,6423903836922;0,00917992209262864
vlowdensity;rf;5;25;0;0;With predation;Max;1,36;0;0,0119731800766284;1;74;1,36;64,5903548041652;0,0104507020173458
vlowdensity;rf;5;25;0;0;With predation;Mean;1,16;0;0,0116007962349532;1;76,196;1,16;67,8506501143742;0,0103302216177484
vlowdensity;rf;5;25;0;0;Without predation;Max;5;0;0,00475646879756469;0;0;5;0;0,00288494415768947
vlowdensity;rf;5;25;0;0;Without predation;Mean;3,02;0;0,0193529784310906;0,944;33,428;3,02;24,7145928331273;0,0143083936230914
vlowdensity;rf;5;50;0;0;With predation;Max;1,48;0;0,0112082492714638;1;82;1,48;70,7193514252477;0,00966634291573689
vlowdensity;rf;5;50;0;0;With predation;Mean;1,34;0;0,0110800442401748;1;85,204;1,34;74,5185718644625;0,00969049660782228
vlowdensity;rf;5;50;0;0;Without predation;Max;2,7;0;0,0124595066035385;1;56;2,7;42,7492516828638;0,0095113318506959
vlowdensity;rf;5;50;0;0;Without predation;Mean;1,88;0;0,0116716403150597;1;68,76;1,88;56,9755472693191;0,00967129282258834
vlowdensity;rf;5;75;0;0;With predation;Max;1,56;0;0,0109769484083425;1;84;1,56;71,8669719911656;0,00939142909298595
vlowdensity;rf;5;75;0;0;With predation;Mean;1,44;0;0,0108938630058144;1;86,468;1,44;74,8715817991834;0,00943286250577011
vlowdensity;rf;5;75;0;0;Without predation;Max;2,28;0;0,0117564072419469;1;64;2,28;50,951952629469;0,00935956101381914
vlowdensity;rf;5;75;0;0;Without predation;Mean;1,8;0;0,011349261122452;1;73,012;1,8;60,9847486755598;0,00947969973711221
vlowdensity;rf;5;100;0;0;With predation;Max;1,56;0;0,0109769484083425;1;84;1,56;71,8669719911656;0,00939142909298595
vlowdensity;rf;5;100;0;0;With predation;Mean;1,44;0;0,010893300414674;1;86,46;1,44;74,8646546971989;0,00943237536499447
vlowdensity;rf;5;100;0;0;Without predation;Max;2,28;0;0,0117564072419469;1;64;2,28;50,951952629469;0,00935956101381914
vlowdensity;rf;5;100;0;0;Without predation;Mean;1,8;0;0,0113436573718232;1;73,064;1,8;61,0281827265532;0,0094750190911398
vlowdensity;rf + f;1;12;1;12;With predation;Max;1,48;1,46;0,0113507377979569;1;86;2,94;64,0937782641228;0,00845943804135404
vlowdensity;rf + f;1;12;1;12;With predation;Mean;1,32;1,36;0,0112303929490528;1;87,932;2,68;67,259871007937;0,00859021495157323
vlowdensity;rf + f;1;12;1;12;Without predation;Max;2,3;2,22;0,012045290291496;1;78;4,52;49,6356252385568;0,00766507070254259
vlowdensity;rf + f;1;12;1;12;Without predation;Mean;1,78;1,74;0,0115997690421747;1;83,172;3,52;58,4932143050162;0,00815788698687801
vlowdensity;rf + f;1;25;1;25;With predation;Max;1,54;1,46;0,0109769484083425;1;92;3;68,1552763027181;0,00813192338838331
vlowdensity;rf + f;1;25;1;25;With predation;Mean;1,42;1,4;0,0109426353337936;1;92,904;2,82;70,0750423878621;0,00825374187172247
vlowdensity;rf + f;1;25;1;25;Without predation;Max;1,84;1,5;0,0110889332446219;1;90;3,34;64,4448404004488;0,00794027259067654
vlowdensity;rf + f;1;25;1;25;Without predation;Mean;1,68;1,34;0,0110384856854211;1;90,164;3,02;66,6616772826997;0,00816117264597003
vlowdensity;rf + f;1;37;1;37;With predation;Max;1,56;1,32;0,0108695652173913;1;92;2,88;68,9780664859918;0,0081495825243374
vlowdensity;rf + f;1;37;1;37;With predation;Mean;1,48;1,3;0,0108534861298681;1;93,776;2,78;71,0162667343283;0,00821931054849904
vlowdensity;rf + f;1;37;1;37;Without predation;Max;1,8;1,28;0,0109409190371991;1;92;3,08;67,6122092568343;0,00804064899353465
vlowdensity;rf + f;1;37;1;37;Without predation;Mean;1,66;1,24;0,0109231183883148;1;92;2,9;68,840248217228;0,00817337153432346
vlowdensity;rf + f;1;50;1;50;With predation;Max;1,56;1,32;0,010827197921178;1;94;2,88;70,4775896704699;0,00811781715286966
vlowdensity;rf + f;1;50;1;50;With predation;Mean;1,5;1,34;0,0108156657118069;1;94,136;2,84;70,8624408660625;0,00814167238814073
vlowdensity;rf + f;1;50;1;50;Without predation;Max;1,74;1,28;0,0108813928182807;1;92;3,02;68,0191019698369;0,0080450279095705
vlowdensity;rf + f;1;50;1;50;Without predation;Mean;1,64;1,24;0,0108661436263347;1;92,16;2,88;69,09802834075;0,00814701714677881
vlowdensity;rf + f;2;12;2;12;With predation;Max;1,38;1,38;0,0119445771619685;1;78;2,76;59,1874085993768;0,00906369960297711
vlowdensity;rf + f;2;12;2;12;With predation;Mean;1,16;1,16;0,0115982280898637;1;81,352;2,32;64,5077530232453;0,0091967700010841
vlowdensity;rf + f;2;12;2;12;Without predation;Max;6;6;0,00571232720210214;0;0;12;0;0,00172051988982179
vlowdensity;rf + f;2;12;2;12;Without predation;Mean;2,18;1,76;0,0135840802459508;1;62,948;3,94;42,4492391322235;0,00916047961415261
vlowdensity;rf + f;2;25;2;25;With predation;Max;1,46;1,44;0,0112057373375168;1;88;2,9;65,8471939469138;0,00838484499751865
vlowdensity;rf + f;2;25;2;25;With predation;Mean;1,34;1,36;0,0111285751925863;1;89,14;2,7;68,0476481251871;0,00849532610320618
vlowdensity;rf + f;2;25;2;25;Without predation;Max;2,12;1,96;0,0116495806150979;1;82;4,08;54,528268063437;0,00774672505617899
vlowdensity;rf + f;2;25;2;25;Without predation;Mean;1,7;1,46;0,0113730099556959;1;84,98;3,16;61,9554720752447;0,00829160038505056
vlowdensity;rf + f;2;37;2;37;With predation;Max;1,5;1,46;0,0109793588054458;1;90;2,96;66,9408685218162;0,00816630904721324
vlowdensity;rf + f;2;37;2;37;With predation;Mean;1,42;1,42;0,0109486545086605;1;92,108;2,84;69,3358301105983;0,00824178191853173
vlowdensity;rf + f;2;37;2;37;Without predation;Max;1,8;1,62;0,0111209964412811;1;90;3,42;63,931338423826;0,00789977985664118
vlowdensity;rf + f;2;37;2;37;Without predation;Mean;1,66;1,42;0,0110579604961881;1;90;3,08;66,1423786208162;0,0081266645545878
vlowdensity;rf + f;2;50;2;50;With predation;Max;1,52;1,48;0,0108956199607758;1;92;3;68,1552763027181;0,00807167379256614
vlowdensity;rf + f;2;50;2;50;With predation;Mean;1,46;1,46;0,0108729517527033;1;93,628;2,92;69,9184444861135;0,00811957826207519
vlowdensity;rf + f;2;50;2;50;Without predation;Max;1,74;1,5;0,0109697235629662;1;90;3,24;65,0925218141858;0,00793385522575517
vlowdensity;rf + f;2;50;2;50;Without predation;Mean;1,6;1,42;0,0109354505750165;1;90,06;3,02;66,5847861239512;0,00808499486682782
vlowdensity;rf + f;5;12;5;12;With predation;Max;1,18;1,18;0,0135427952329361;1;56;2,36;44,227717740237;0,0106958379460022
vlowdensity;rf + f;5;12;5;12;With predation;Mean;0,9;0,96;0,0123555206816276;1;67,632;1,86;56,1530637758181;0,0102584625742086
vlowdensity;rf + f;5;12;5;12;Without predation;Max;2,4;2,4;0,00395600917794129;0;0;4,8;0;0,00244791277714273
vlowdensity;rf + f;5;12;5;12;Without predation;Mean;2,4;2,4;0,00981434147778421;0,002;0,024;4,8;0,0148508014033474;0,00607295150796701
vlowdensity;rf + f;5;25;5;25;With predation;Max;1,34;1,34;0,0119019281123542;1;76;2,68;58,1329913638177;0,00910387742326665
vlowdensity;rf + f;5;25;5;25;With predation;Mean;1,16;1,2;0,0115589195399806;1;77,952;2,36;61,5649830944098;0,00912901126422092
vlowdensity;rf + f;5;25;5;25;Without predation;Max;5;5;0,00534930993901787;0;0;10;0;0,00196790115101874
vlowdensity;rf + f;5;25;5;25;Without predation;Mean;2,16;2,04;0,0137621686588096;1;53,3;4,2;35,0205954961425;0,00904238915102929
vlowdensity;rf + f;5;37;5;37;With predation;Max;1,42;1,4;0,0113378684807256;1;82;2,82;61,8504421317133;0,00855185583370847
vlowdensity;rf + f;5;37;5;37;With predation;Mean;1,3;1,28;0,0112290682651688;1;85,752;2,58;66,2515863436333;0,00867552460267263
vlowdensity;rf + f;5;37;5;37;Without predation;Max;2,48;2,38;0,012709710218607;1;58;4,86;35,6747448241847;0,00781751153169202
vlowdensity;rf + f;5;37;5;37;Without predation;Mean;1,7;1,52;0,0117526143985689;1;70,688;3,22;51,2274656780402;0,00851709838628804
vlowdensity;rf + f;5;50;5;50;With predation;Max;1,44;1,42;0,0111284219897619;1;84;2,86;63,1060597395384;0,00836036741538938
vlowdensity;rf + f;5;50;5;50;With predation;Mean;1,36;1,34;0,0110465188320832;1;87,096;2,7;66,4873004387626;0,0084326859602182
vlowdensity;rf + f;5;50;5;50;Without predation;Max;1,94;1,84;0,0116171003717472;1;68;3,78;46,5956740452792;0,007960391504018
vlowdensity;rf + f;5;50;5;50;Without predation;Mean;1,6;1,54;0,0113302074705567;1;75,988;3,14;55,5106799117784;0,00827693215023573
vlowdensity;rp;1;25;0;0;With predation;Max;1,88;0;0,0110497237569061;1;92;1,88;76,2325530654066;0,00915596361583074
vlowdensity;rp;1;25;0;0;With predation;Mean;1,68;0;0,0109927567239679;1;92,02;1,68;77,7894598676823;0,00929276905036183
vlowdensity;rp;1;25;0;0;Without predation;Max;2,6;0;0,0112943302462164;1;88;2,6;67,8525395507138;0,00870851124693434
vlowdensity;rp;1;25;0;0;Without predation;Mean;2,22;0;0,0111695905422875;1;90,12;2,22;72,1784926338395;0,00894589667864516
vlowdensity;rp;1;50;0;0;With predation;Max;1,9;0;0,0108436347863804;1;96;1,9;79,3880768585628;0,00896724283174325
vlowdensity;rp;1;50;0;0;With predation;Mean;1,76;0;0,0108295446106388;1;96;1,76;80,5073264003591;0,00908185086183279
vlowdensity;rp;1;50;0;0;Without predation;Max;2,3;0;0,0109051254089422;1;94;2,3;74,6861586353134;0,00866448857691749
vlowdensity;rp;1;50;0;0;Without predation;Mean;2,12;0;0,0108750837201908;1;94,388;2,12;76,3565598739068;0,00879755881271452
vlowdensity;rp;1;75;0;0;With predation;Max;1,9;0;0,0107851596203624;1;96;1,9;79,3880768585628;0,00891888625909581
vlowdensity;rp;1;75;0;0;With predation;Mean;1,76;0;0,0107714797386027;1;96;1,76;80,5073264003591;0,00903315661594315
vlowdensity;rp;1;75;0;0;Without predation;Max;2,22;0;0,0108131487889273;1;96;2,22;76,8878749761273;0,00866041700188859
vlowdensity;rp;1;75;0;0;Without predation;Mean;2,1;0;0,0108034496960584;1;96;2,1;77,816087613138;0,00875710612575635
vlowdensity;rp;1;100;0;0;With predation;Max;1,92;0;0,0107411385606874;1;98;1,92;80,8800731121849;0,00886473542955617
vlowdensity;rp;1;100;0;0;With predation;Mean;1,8;0;0,0107411754916467;1;97,976;1,8;81,8364342332308;0,00897178392371331
vlowdensity;rp;1;100;0;0;Without predation;Max;2,16;0;0,0107573149741824;1;96;2,16;77,3505889798541;0,00866754842807096
vlowdensity;rp;1;100;0;0;Without predation;Mean;2,04;0;0,0107476674287186;1;96,568;2,04;78,7475702608145;0,0087643183661553
vlowdensity;rp;2;25;0;0;With predation;Max;1,8;0;0,0113584734211722;1;86;1,8;71,8332381813694;0,00948739449581182
vlowdensity;rp;2;25;0;0;With predation;Mean;1,58;0;0,011210787289497;1;86,752;1,58;74,0731762853297;0,00957232828283204
vlowdensity;rp;2;25;0;0;Without predation;Max;3,58;0;0,0127844541038098;1;70;3,58;48,9351152504568;0,00893726764263011
vlowdensity;rp;2;25;0;0;Without predation;Mean;2,42;0;0,0117984547539018;1;80,8;2,42;63,4325391461878;0,00926244979011636
vlowdensity;rp;2;50;0;0;With predation;Max;1,88;0;0,0109457092819615;1;94;1,88;77,889782479872;0,00906977569212656
vlowdensity;rp;2;50;0;0;With predation;Mean;1,72;0;0,0109137352469817;1;94;1,72;79,146042277839;0,00918913777943357
vlowdensity;rp;2;50;0;0;Without predation;Max;2,44;0;0,0111185234600845;1;90;2,44;70,5138870836576;0,00871122564223774
vlowdensity;rp;2;50;0;0;Without predation;Mean;2,14;0;0,0110250615089661;1;90,644;2,14;73,181287011996;0,00890106560403951
vlowdensity;rp;2;75;0;0;With predation;Max;1,9;0;0,0108295429932857;1;94;1,9;77,7341585906761;0,00895558949472995
vlowdensity;rp;2;75;0;0;With predation;Mean;1,74;0;0,0107989318195883;1;94;1,74;78,9879083798926;0,00907430890602497
vlowdensity;rp;2;75;0;0;Without predation;Max;2,28;0;0,0108932461873638;1;94;2,28;74,8356804245327;0,00867237755812038
vlowdensity;rp;2;75;0;0;Without predation;Mean;2,1;0;0,0108684522599181;1;94;2,1;76,1949191211976;0,00880979617996869
vlowdensity;rp;2;100;0;0;With predation;Max;1,92;0;0,0107411385606874;1;98;1,92;80,8800731121849;0,00886473542955617
vlowdensity;rp;2;100;0;0;With predation;Mean;1,8;0;0,010741175493632;1;97,972;1,8;81,8330931523851;0,00897178392537158
vlowdensity;rp;2;100;0;0;Without predation;Max;2,12;0;0,0107688994184794;1;94;2,12;76,042681571251;0,00871165946119424
vlowdensity;rp;2;100;0;0;Without predation;Mean;2,02;0;0,0107522501327728;1;95,628;2,02;78,1371537692602;0,00878560904745489
vlowdensity;rp;5;25;0;0;With predation;Max;1,62;0;0,0122880314573605;1;68;1,62;57,8300019087358;0,0104502482740259
vlowdensity;rp;5;25;0;0;With predation;Mean;1,34;0;0,0117285150829504;1;77,92;1,34;68,1480578338918;0,0102576427640988
vlowdensity;rp;5;25;0;0;Without predation;Max;5;0;0,00447868147617341;0;0;5;0;0,00271645763038621
vlowdensity;rp;5;25;0;0;Without predation;Mean;4,32;0;0,034564766898535;0,532;15,488;4,32;10,0549548260996;0,0224397707734653
vlowdensity;rp;5;50;0;0;With predation;Max;1,8;0;0,0112460638776428;1;88;1,8;73,5037786041919;0,00939350215262337
vlowdensity;rp;5;50;0;0;With predation;Mean;1,58;0;0,0111412764428041;1;88;1,58;75,1387808132264;0,00951297646153886
vlowdensity;rp;5;50;0;0;Without predation;Max;3,4;0;0,0126710593005575;1;68;3,4;48,4003819478575;0,00901888396810198
vlowdensity;rp;5;50;0;0;Without predation;Mean;2,28;0;0,0116377183634152;1;78,62;2,28;62,5912893082634;0,0092650699182474
vlowdensity;rp;5;75;0;0;With predation;Max;1,84;0;0,0109529025191676;1;88;1,84;73,2103507367471;0,00911211176151888
vlowdensity;rp;5;75;0;0;With predation;Mean;1,68;0;0,0108683585279013;1;88,012;1,68;74,4012816982662;0,00918760855828908
vlowdensity;rp;5;75;0;0;Without predation;Max;2,44;0;0,0111781801922647;1;88;2,44;68,9469118151319;0,00875796595420146
vlowdensity;rp;5;75;0;0;Without predation;Mean;2,1;0;0,0110647636762229;1;88;2,1;71,3314136453765;0,00896892312132946
vlowdensity;rp;5;100;0;0;With predation;Max;1,92;0;0,0107411385606874;1;98;1,92;80,8800731121849;0,00886473542955617
vlowdensity;rp;5;100;0;0;With predation;Mean;1,8;0;0,0107411662678376;1;97,984;1,8;81,8431163949221;0,00897177621934034
vlowdensity;rp;5;100;0;0;Without predation;Max;2,02;0;0,0107874865156419;1;88;2,02;71,9043536589168;0,00881440051717627
vlowdensity;rp;5;100;0;0;Without predation;Mean;1,98;0;0,0107572746020999;1;94,08;1,98;77,1803957832072;0,00882494378548802
vlowdensity;rp + f;1;12;1;12;With predation;Max;1,64;1,64;0,0114051094890511;1;86;3,28;61,9512196946559;0,00821581911160244
vlowdensity;rp + f;1;12;1;12;With predation;Mean;1,46;1,46;0,0112754523437835;1;86,932;2,92;64,9180823692359;0,00842015303920456
vlowdensity;rp + f;1;12;1;12;Without predation;Max;2,72;2,72;0,0123334977799704;1;76;5,44;44,1120655506964;0,00715863240183451
vlowdensity;rp + f;1;12;1;12;Without predation;Mean;1,98;1,8;0,0117126352557676;1;82,5;3,78;56,5315163049343;0,00802585492042636
vlowdensity;rp + f;1;25;1;25;With predation;Max;1,64;1,64;0,010989010989011;1;92;3,28;66,2733978128877;0,0079160771396187
vlowdensity;rp + f;1;25;1;25;With predation;Mean;1,54;1,54;0,0109558603604963;1;92,612;3,08;68,0619774314559;0,00805162960089709
vlowdensity;rp + f;1;25;1;25;Without predation;Max;2;1,88;0,011101243339254;1;92;3,88;62,4139355802976;0,00753122050692833
vlowdensity;rp + f;1;25;1;25;Without predation;Mean;1,78;1,7;0,011046166152697;1;92;3,48;64,9610966117234;0,00779968550689672
vlowdensity;rp + f;1;37;1;37;With predation;Max;1,64;1,64;0,0108742931709439;1;94;3,28;67,7141238522983;0,00783343866578188
vlowdensity;rp + f;1;37;1;37;With predation;Mean;1,56;1,6;0,0108549194588703;1;94,212;3,16;68,6861489191922;0,00791388161229782
vlowdensity;rp + f;1;37;1;37;Without predation;Max;1,82;1,76;0,0109170305676856;1;94;3,58;65,7128690506134;0,00763180212889221
vlowdensity;rp + f;1;37;1;37;Without predation;Mean;1,7;1,62;0,0108969050796475;1;94;3,32;67,4438083483177;0,00781839125299527
vlowdensity;rp + f;1;50;1;50;With predation;Max;1,64;1,54;0,0108178277801817;1;96;3,18;69,8498676878012;0,00787108165744908
vlowdensity;rp + f;1;50;1;50;With predation;Mean;1,58;1,52;0,0108108323304655;1;96;3,1;70,4109077975318;0,00792917206703106
vlowdensity;rp + f;1;50;1;50;Without predation;Max;1,82;1,6;0,0108389334489486;1;96;3,42;68,193427652081;0,00769941691642289
vlowdensity;rp + f;1;50;1;50;Without predation;Mean;1,72;1,52;0,0108305299255158;1;96;3,24;69,4320232684649;0,00783318339373144
vlowdensity;rp + f;2;12;2;12;With predation;Max;1,54;1,54;0,0121418164157358;1;74;3,08;54,3837335326711;0,00892320687237821
vlowdensity;rp + f;2;12;2;12;With predation;Mean;1,28;1,24;0,0117105349623967;1;78,42;2,52;60,9515323593668;0,00910195167949526
vlowdensity;rp + f;2;12;2;12;Without predation;Max;6;6;0,00517384105960265;0;0;12;0;0,00155833098050601
vlowdensity;rp + f;2;12;2;12;Without predation;Mean;2,7;2,86;0,0149033804337519;0,998;55;5,56;31,5424161731644;0,00854706596415267
vlowdensity;rp + f;2;25;2;25;With predation;Max;1,6;1,6;0,011258725512272;1;86;3,2;62,4488171883374;0,00817551268941331
vlowdensity;rp + f;2;25;2;25;With predation;Mean;1,46;1,36;0,0111535231736839;1;89,516;2,82;67,519563144664;0,00841280901973975
vlowdensity;rp + f;2;25;2;25;Without predation;Max;2,4;2,26;0,0118035882908404;1;82;4,66;51,4555972918819;0,00740683763039825
vlowdensity;rp + f;2;25;2;25;Without predation;Mean;1,92;1,88;0,011452535731652;1;85,384;3,8;58,3908225641878;0,0078319472245024
vlowdensity;rp + f;2;37;2;37;With predation;Max;1,64;1,62;0,0110204981265153;1;90;3,26;64,9624668688544;0,00795465271580025
vlowdensity;rp + f;2;37;2;37;With predation;Mean;1,5;1,44;0,0109601375962815;1;91,768;2,94;68,3925330667677;0,00816833289349236
vlowdensity;rp + f;2;37;2;37;Without predation;Max;2;1,82;0,0111607142857143;1;90;3,82;61,4245547884851;0,00761713229023874
vlowdensity;rp + f;2;37;2;37;Without predation;Mean;1,8;1,64;0,0110914173192697;1;90;3,44;63,803603524456;0,00786302659069965
vlowdensity;rp + f;2;50;2;50;With predation;Max;1,64;1,58;0,0109027474923681;1;94;3,22;68,1216298910109;0,00790120137734305
vlowdensity;rp + f;2;50;2;50;With predation;Mean;1,54;1,54;0,0108827091055129;1;94;3,08;69,0820398928525;0,0079978696230782
vlowdensity;rp + f;2;50;2;50;Without predation;Max;1,92;1,62;0,0109505037231713;1;94;3,54;65,976246931407;0,00768588444322598
vlowdensity;rp + f;2;50;2;50;Without predation;Mean;1,78;1,56;0,0109278257421346;1;94;3,34;67,3090555293576;0,00782491095417533
vlowdensity;rp + f;5;12;5;12;With predation;Max;1,3;1,3;0,0143102461362335;1;48;2,6;37,0104761185712;0,0110339379765822
vlowdensity;rp + f;5;12;5;12;With predation;Mean;0,94;0,96;0,0125238676313045;1;64,456;1,9;53,3024779374534;0,0103567267300049
vlowdensity;rp + f;5;12;5;12;Without predation;Max;2,4;2,4;0,00394383972235368;0;0;4,8;0;0,0024403825201378
vlowdensity;rp + f;5;12;5;12;Without predation;Mean;2,4;2,4;0,00875490380957565;0;0;4,8;0;0,00541738907422572
vlowdensity;rp + f;5;25;5;25;With predation;Max;1,5;1,48;0,0120510966497951;1;74;2,98;54,9302991413353;0,00894554518857282
vlowdensity;rp + f;5;25;5;25;With predation;Mean;1,26;1,2;0,0116596288831614;1;78;2,46;60,9899335441872;0,00911692295812692
vlowdensity;rp + f;5;25;5;25;Without predation;Max;5;5;0,00501907247540654;0;0;10;0;0,00184641357745153
vlowdensity;rp + f;5;25;5;25;Without predation;Mean;2,72;2,48;0,01570342881417;0,99;49,164;5,2;29,2290082204066;0,00933601110361129
vlowdensity;rp + f;5;37;5;37;With predation;Max;1,48;1,44;0,0113869278068777;1;80;2,92;59,7414828778686;0,00850339940757637
vlowdensity;rp + f;5;37;5;37;With predation;Mean;1,4;1,32;0,0112619271048749;1;87,828;2,72;66,9121360429983;0,00857994715293208
vlowdensity;rp + f;5;37;5;37;Without predation;Max;2,96;2,64;0,0130446125750065;1;68;5,6;38,8422163417194;0,00745120093723994
vlowdensity;rp + f;5;37;5;37;Without predation;Mean;2;1,7;0,0118938231972255;1;77,396;3,7;53,4600742540087;0,0082154720048546
vlowdensity;rp + f;5;50;5;50;With predation;Max;1,58;1,48;0,0111557340473003;1;88;3,06;64,8020225121368;0,00821493328264279
vlowdensity;rp + f;5;50;5;50;With predation;Mean;1,44;1,38;0,0110842417635466;1;88;2,82;66,3760842389118;0,00836055187524584
vlowdensity;rp + f;5;50;5;50;Without predation;Max;2,08;1,72;0,0114678899082569;1;78;3,8;53,3411899185638;0,00784244735335272
vlowdensity;rp + f;5;50;5;50;Without predation;Mean;1,88;1,58;0,01126708756967;1;87,884;3,46;62,1790274168678;0,00797160514886397
